USE delux_car;

# CLIENTES LA CONTRASEÑA ES 1234
INSERT INTO `clientes` (`cli_id`, `cli_nombre`, `cli_apellido`, `cli_telf`, `cli_usuario`, `cli_key`) VALUES
(1, 'HECTOR', 'BAHAMONDE', '618538463', 'hfbr78@gmail.com', '$2y$10$.O.rTf.YF.ejtLvYDzU86u5/h'),
(2, 'GINO', 'AGLES', '666666666', 'legacy@hotmail.com', '$2y$10$.O.rTf.YF.ejtLvYDzU86u5/h'),
(3, 'RICARDO', 'HERNANDEZ', '666666667', 'ricardo@hotmail.com', '$2y$10$.O.rTf.YF.ejtLvYDzU86u5/h'),
(4, 'JOSE', 'ROLDAN', '666666666', 'pinocho@hotmail.com', '$2y$10$.O.rTf.YF.ejtLvYDzU86u5/h'),
(5, 'MALCON', 'X', '616161616', '616@hotmail.com', '$2y$10$.O.rTf.YF.ejtLvYDzU86u5/h'),
(6, 'hector', 'bahamonde', '123456789', 'hector@uclm.es', '$2y$10$.O.rTf.YF.ejtLvYDzU86u5/h');

# DIRECCIONES DE CLIENTES

INSERT INTO `direcciones` (`dir_id`, `dir_tipo`, `dir_nombre`, `dir_numero`, `dir_escalera`, `dir_cod_postal`, `dir_ciudad`, `dir_pais`, `cli_id`) VALUES
(1, 'Calle', 'Falsa', 23, NULL, '02004', 'Albacete', 'España', 1),
(2, 'Avenida', 'España', 22, NULL, '02004', 'Albacete', 'España', 2),
(3, 'Calle', 'Nigga', 312, NULL, '02004', 'Albacete', 'España', 3),
(4, 'Calle', 'Miguel Hernández', 27, NULL, '02004', 'Albacete', 'España', 4),
(5, 'Calle', 'Francisco de Goya', 3, NULL, '02004', 'Albacete', 'España', 5);
				
# PROVEEDORES

INSERT INTO `proveedores` (`id_proveedor`, `nombre`, `telefono`, `fax`, `direccion`, `foto`) VALUES
(1, 'Tesla', '999999999', '999999998', 'Calle Fake 2', '/delux/Lib/img/coches/Tesla/Tesla_logo.png'),
(2, 'BMW', '919191919', '919191919', 'Calle Vikinga 1', '/delux/Lib/img/coches/BMW/logo_bmw.png'),
(3, 'Ferrari', '919191912', '919191913', 'Calle Pasta 1', '/delux/Lib/img/coches/Ferrari/Ferrari-Logo.png'),
(4, 'Maserati', '919191914', '919191915', 'Calle Gringolandia 1', '/delux/Lib/img/coches/Maserati/maserati_logo.png'),
(5, 'Porsche', '919191916', '919191917', 'Calle Carrera 911', '/delux/Lib/img/coches/Porsche/Logo_Porsche.png'),
(6, 'Audi', '919191921', '919191920', 'Calle Genesis 911', '/delux/Lib/img/coches/Audi/logo_audi.png');
				
# COCHES http://www.autobild.es/coches/bmw/serie-5

INSERT INTO `coches` (`id_coche`, `marca`, `no_me_gusta`, `me_gusta`, `n_bastidor`, `tipo`, `n_puertas`, `precio`, `caballos`, `combustible`, `modelo`, `id_proveedor`, `tipo2`, `tipo3`, `foto`, `cantidad`, `descripcion`) VALUES
(1, 'Ferrari', 0, 0 ,'LJCPCBLCX1100234', 'Deportivo', 2, 1300000, 800, 'Gasolina', 'LaFerrari', 3, 'Exótico', NULL, '/delux/Lib/img/coches/Ferrari/LaFerrari/ferrari-laferrari_2014_01', 11, 'Ferrari LaFerrari: Un nombre, cuanto menos especial para el último exponente de la serie más especial de ultradeportivos de Maranello, conocida hasta la fecha como F. El número de unidades fabricadas, en total, será de 499. Una pena, teniendo en cuenta que solo unos días después de ser presentado, los interesados en adquirir uno superaban esa cifra en más del doble. Gracias a su motor V12 de 6,3 L y 800 CV (como no, en posición central) y a la ayuda del sistema HY-KERS, LaFerrari consigue una potencia máxima de 963 CV y 900 Nm de par. Es capaz de acelerar de 0 a 100 por debajo de la barrera de los tres segundos y conseguir una velocidad punta superior a los 350 km/h. Los números más interesantes son, quizá, estos: puede hacer el 0-200 incluso por debajo de los siete segundos, y el 0-300 en tan solo 15 segundos. ¡Una auténtica barbaridad! Y todo ello, con un 50 % menos de emisiones frente al Enzo. El innovador sistema del Ferrari LaFerrari ha sido desarrollado en conjunto con el del monoplaza de F1 F138 (es el primer Ferrari de producción en incorporarlo) y utiliza dos propulsores eléctricos (uno de 163 CV para apoyar las ruedas motrices, las traseras, y otro para los elementos auxiliares). De alimentarlos se encargan unas baterías que han conseguido ofrecer la más alta densidad en un sistema de este tipo y que van ancladas justo al suelo del chasis y declaran un peso total de 60 kg.'),
(2, 'Ferrari', 0, 0 ,'LJCPCBLCX1100234', 'Deportivo', 2, 236719, 670, 'Gasolina', '488 GTB', 3, 'Exótico', NULL, '/delux/Lib/img/coches/Ferrari/488GBT/ferrari-488_gtb_2016_01', 11, 'El Ferrari 488 GTB abre un nuevo capítulo en la historia de los ocho cilindros de la marca del Cavallino Rampante. Esta nueva berlinetta aúna a la perfección la experiencia de Ferrari en la F1 y en el WEC (World Endurance Championship), donde el 458 GT mantiene el título de Campeón del Mundo y ha ganado su categoría en las dos últimas ediciones de las 24 horas de Le Mans. De esta forma, el nuevo Ferrari 488 GTB explota al máximo el know-how adquirido por los mecánicos de Ferrari en la última década a través del programa XX, que ofrece coches únicos extremos en pista solo a un grupo limitado de probadores. El 488 GTB está propulsado por el nuevo motor V8 de 3902cc que entrega 670 CV a 8.000 rpm y que ofrece un par máximo de 760 Nm. Acelera de 0 a 200 km/h en 8,3 segundos y es capaz de realizar una vuelta rápida en Fiorano en un minuto y veintitrés segundos. Su sonido también  ha sido optimizado por los ingenieros de Ferrari. Diseñado en el Ferrari Styling Center, el Ferrari 488 GTB destaca por sus esculturales flancos. Su toma de aire es un guiño al original 308 GTB. El amplio spoiler frontal incluye un perfil doble para mejorar la eficiencia térmica de los radiadores ubicados a ambos lados. Por su parte, las luces LED circulares han sido también rediseñadas. En el interior, el puesto de conducción está concebido en torno al conductor. Los gráficos e interfaz de la pantalla de infoentretenimiento han sido también completamente rediseñados, mientras que el diseño de la nueva llave del Ferrari 488 GTB se inspira en el bloque de cilindros del coche y permite el arranque sin llave. '),
(3, 'Ferrari', 0, 0 ,'LJCPCBLCX1100234', 'Deportivo', 2, 214448, 560, 'Gasolina', 'California T', 3, 'Exótico', NULL, '/delux/Lib/img/coches/Ferrari/CaliforniaT/ferrari-california_t_2015_01', 11, 'El Ferrari California T es un restyling del famoso modelo de acceso de la firma del cavallino que, aparte de recibir mejoras estéticas, abandona su motor atmosférico por uno turbo, también de ocho cilindros en V. El Ferrari California T tiene 560 CV, es decir, 70 CV más que el California anterior, y entrega un par máximo de 755 Nm, un 49% más. Según informa Ferrari, este propulsor carece de retardo, ofrece una respuesta instantánea y la curva de par aumenta de manera constante a lo largo del rango de revoluciones gracias a la gestión variable de la aceleración. Gracias a estas excelentes cifras, el California T puede acelerar de 0 a 100 km/h en 3,6 segundos y alcanzar los 316 km/h. Además, y a pesar del aumento de potencia y par, el consumo de combustible se ha reducido alrededor de un 15% y las emisiones, 20% (250 g/km). Este descapotable 2+2, que abre y cierra su capota dura en 14 segundos, incorpora una nueva caja de cambios y sistema de suspensión. Los nuevos muelles y amortiguadores Magnaride responden un 50% más rápido, y combinados con acelerómetros de movimiento de la carrocería, reducen el balanceo y el cabeceo. Asimismo, refuerza su faceta más deportiva gracias a la última evolución del sistema de control de tracción F1-Trac, con el que se obtiene una aceleración máxima al salir de las curvas.'),
(4, 'Ferrari', 0, 0 ,'LJCPCBLCX1100234', 'Deportivo', 2, 214448, 740, 'Gasolina', 'F12 Berlinetta', 3, 'Exótico', NULL, '/delux/Lib/img/coches/Ferrari/F12Berlinetta/ferrari-f12berlinetta_2013_01', 11, 'El Ferrari F12 Berlinetta es el sustituto del Ferrari 599 GTB Fiorano. Además, es un modelo que inaugura una generación completamente nueva de modelos 12 cilindros, siendo el Ferrari más potente y con altas prestaciones, con permiso del nuevo LaFerrari. Equipa un motor V12 a 65º de 6.262 cc e inyección directa a 200 bares, que ofrece unas prestaciones sin precedentes para un 12 cilindros atmosférico, tanto en términos de potencia como de revoluciones. Tiene una potencia máxima de 740 CV a 8.250 rpm que le permite alcanzar un récord absoluto para esta clase de motores. Con todo este derroche tecnológico, el F12 Berlinetta acelera de 0 a 100 km/h en 3,1 segundos y consigue una velocidad máxima de 340 km/h. El chasis y la carrocería son completamente nuevos. De hecho, incorporan 12 aleaciones diferentes de aluminio, algunas de las cuales nunca habían sido utilizadas anteriormente en la industria del automóvil. La aerodinámica del F12 Berlinetta ha sido desarrollada mano a mano con su estilo, e incorpora un gran número de soluciones innovadoras. Entre ellas se incluyen el Aero Bridge (Puente Aéreo), que usa por primera vez el capó para crear carga aerodinámica, y el sistema de Refrigeración Activa de Frenos, un sistema de álabes en los conductos de aire que se abren únicamente si la temperatura operativa es suficientemente alta.'),
(5, 'Audi', 0, 0 ,'LJCPCBLCX1100235', 'Deportivo', 2, 191870, 540, 'Diésel', 'R8 Coupe', 6, NULL, NULL, '/delux/Lib/img/coches/Audi/R8/audi-r8_coupe_v10_2016_c01', 11, 'Aunque el Audi R8 llegó al mercado en 2006 sigue sorprendiendo por su estética agresiva y su afinado comportamiento. Su objetivo principal es plantar cara a modelos tan reputados como el Porsche 911. El renovado superdeportivo de los aros llega hasta los 610 CV de una versión Plus y alcanza los 330 km/h de velocidad punta, alcanzando los 100 desde parado en tan solo 3,2 segundos. También se confirma una versión eléctrica R8 e-Tron (con 450 km de autonomía) y una renovación de la variante de competición R8 LMS. Esta segunda generación evidentemente actualiza su estética... Pero poco. Su imagen recibe alabanzas día tras día desde el día en que la primera unidad salió a la calle hace ¡nada menos que 10 años! Sus paragolpes cambian, con unas entradas y salidas de aire mucho más llamativas ahora y su iluminación se convierte completamente en LED, dejando los esperadísimos faros láser tan solo como opción. La versión R8 V10 Plus, la de 610 CV, contará con un peso en seco de 1.450 kg. Esto significa que sí, efectivamente ha habido una reducción de peso respecto a la primera generación, aunque sea solo de 50 kg. Esto se ha conseguido en parte gracias a la nueva construcción que aúna el CFRP (plástico reforzado con fibra de carbono) con el aluminio. Material este último utilizado en la gran mayoría de paneles de su carrocería, rematada con detalles en fibra de carbono. Respecto a la mecánica, cuenta por ahora con dos opciones. Aunque a diferencia del modelo que deja atrás, ambas serán de 10 cilindros. Se trata en las dos del motor V10 5.2 FSI. En la estándar contará con una potencia de 540 CV y 11.8 l/100km de consumo combinado y, por encima de esta se encuentra la versión V10 Plus, con algo más, pero que será la responsable de arrojar las prestaciones anunciadas más arriba gracias a su mayor potencia: 610 CV. Audi dice que el aumento de la potencia proviene de un sistema de inyección indirecta adicional que también ayuda a mejorar la economía de combustible con un sistema de Cylinder-On-Demand también en su mecánica.'),
(6, 'Audi', 0, 0 ,'LJCPCBLCX1100235', 'Deportivo', 2, 37060, 180, 'Diésel', 'TT Coupe', 6, NULL, NULL, '/delux/Lib/img/coches/Audi/TT/audi-tt_coupe_2015_c01', 11, 'Audi TT es reconocible también por la incorporación de una parrilla Singleframe aún más grande y plana, que deja de lado a los aros del fabricante, que ahora pasan a lucirse directamente al capó, como en el Audi R8, por ejemplo. Probablemente, la mejor parte de su nueva imagen resalta principalmente al echarle un vistazo a sus flancos, donde descubrimos unos pasos de rueda muy abultados: en un claro homenaje al primer Audi TT de 1998. El interior del Audi TT 2015 ofrece una imagen mucho más moderna y ligera, con un salpicadero inspirado en el ala de un avión, sin dejar atrás los típicos rasgos de siempre, como las salidas de aire redondas, un rasgo clásico del Audi TT. Esta solución, junto con la supresión de la pantalla del MMI, ahora sustituido por el Audi Virtual Cockpit y los mandos del climatizador integrados en los aireadores (el climatizador no será bizona) posibilita una imagen mucho más limpia del salpicadero. Existen tres motorizaciones disponibles: un diésel 2.0 TDI con 184 CV y tracción delantera, con un par motor de 380 Nm. Los puristas seguramente optarán por una de las dos siguientes: las gasolina, que, en el caso de la menos potente, montará tracción delantera y cambio manual de seis relaciones (dejando la tracción Quattro de embrague multidisco y el cambio S Tronic en opción y de serie para el TTS). Ambas parten del mismo bloque 2.0 TFSI, solo que con dos escalas de potencia. La primera entregará 230 CV y 370 Nm y, la segunda, con 310 CV y 380 Nm estará destinada para el Audi TTS.'),
(7, 'Audi', 0, 0 ,'LJCPCBLCX1100235', 'Deportivo', 2, 39950, 180, 'Diésel', 'TT Roadster', 6, NULL, NULL, '/delux/Lib/img/coches/Audi/TT/audi-tt_roadster_2015_c01', 11, 'Audi TT es reconocible también por la incorporación de una parrilla Singleframe aún más grande y plana, que deja de lado a los aros del fabricante, que ahora pasan a lucirse directamente al capó, como en el Audi R8, por ejemplo. Probablemente, la mejor parte de su nueva imagen resalta principalmente al echarle un vistazo a sus flancos, donde descubrimos unos pasos de rueda muy abultados: en un claro homenaje al primer Audi TT de 1998. El interior del Audi TT 2015 ofrece una imagen mucho más moderna y ligera, con un salpicadero inspirado en el ala de un avión, sin dejar atrás los típicos rasgos de siempre, como las salidas de aire redondas, un rasgo clásico del Audi TT. Esta solución, junto con la supresión de la pantalla del MMI, ahora sustituido por el Audi Virtual Cockpit y los mandos del climatizador integrados en los aireadores (el climatizador no será bizona) posibilita una imagen mucho más limpia del salpicadero. Existen tres motorizaciones disponibles: un diésel 2.0 TDI con 184 CV y tracción delantera, con un par motor de 380 Nm. Los puristas seguramente optarán por una de las dos siguientes: las gasolina, que, en el caso de la menos potente, montará tracción delantera y cambio manual de seis relaciones (dejando la tracción Quattro de embrague multidisco y el cambio S Tronic en opción y de serie para el TTS). Ambas parten del mismo bloque 2.0 TFSI, solo que con dos escalas de potencia. La primera entregará 230 CV y 370 Nm y, la segunda, con 310 CV y 380 Nm estará destinada para el Audi TTS.'),
(8, 'Audi', 0, 0 ,'LJCPCBLCX1100235', 'Deportivo', 2, 60180, 310, 'Diésel', 'TTS Coupe', 6, NULL, NULL, '/delux/Lib/img/coches/Audi/TT/audi-tts_coupe_2015_c01', 11, 'Audi TT es reconocible también por la incorporación de una parrilla Singleframe aún más grande y plana, que deja de lado a los aros del fabricante, que ahora pasan a lucirse directamente al capó, como en el Audi R8, por ejemplo. Probablemente, la mejor parte de su nueva imagen resalta principalmente al echarle un vistazo a sus flancos, donde descubrimos unos pasos de rueda muy abultados: en un claro homenaje al primer Audi TT de 1998. El interior del Audi TT 2015 ofrece una imagen mucho más moderna y ligera, con un salpicadero inspirado en el ala de un avión, sin dejar atrás los típicos rasgos de siempre, como las salidas de aire redondas, un rasgo clásico del Audi TT. Esta solución, junto con la supresión de la pantalla del MMI, ahora sustituido por el Audi Virtual Cockpit y los mandos del climatizador integrados en los aireadores (el climatizador no será bizona) posibilita una imagen mucho más limpia del salpicadero. Existen tres motorizaciones disponibles: un diésel 2.0 TDI con 184 CV y tracción delantera, con un par motor de 380 Nm. Los puristas seguramente optarán por una de las dos siguientes: las gasolina, que, en el caso de la menos potente, montará tracción delantera y cambio manual de seis relaciones (dejando la tracción Quattro de embrague multidisco y el cambio S Tronic en opción y de serie para el TTS). Ambas parten del mismo bloque 2.0 TFSI, solo que con dos escalas de potencia. La primera entregará 230 CV y 370 Nm y, la segunda, con 310 CV y 380 Nm estará destinada para el Audi TTS.'),
(9, 'Audi', 0, 0 ,'LJCPCBLCX1100235', 'Deportivo', 2, 63190, 310, 'Diésel', 'TTS Roadster', 6, NULL, NULL, '/delux/Lib/img/coches/Audi/TT/audi-tts_roadster_2015_c01', 11, 'Audi TT es reconocible también por la incorporación de una parrilla Singleframe aún más grande y plana, que deja de lado a los aros del fabricante, que ahora pasan a lucirse directamente al capó, como en el Audi R8, por ejemplo. Probablemente, la mejor parte de su nueva imagen resalta principalmente al echarle un vistazo a sus flancos, donde descubrimos unos pasos de rueda muy abultados: en un claro homenaje al primer Audi TT de 1998. El interior del Audi TT 2015 ofrece una imagen mucho más moderna y ligera, con un salpicadero inspirado en el ala de un avión, sin dejar atrás los típicos rasgos de siempre, como las salidas de aire redondas, un rasgo clásico del Audi TT. Esta solución, junto con la supresión de la pantalla del MMI, ahora sustituido por el Audi Virtual Cockpit y los mandos del climatizador integrados en los aireadores (el climatizador no será bizona) posibilita una imagen mucho más limpia del salpicadero. Existen tres motorizaciones disponibles: un diésel 2.0 TDI con 184 CV y tracción delantera, con un par motor de 380 Nm. Los puristas seguramente optarán por una de las dos siguientes: las gasolina, que, en el caso de la menos potente, montará tracción delantera y cambio manual de seis relaciones (dejando la tracción Quattro de embrague multidisco y el cambio S Tronic en opción y de serie para el TTS). Ambas parten del mismo bloque 2.0 TFSI, solo que con dos escalas de potencia. La primera entregará 230 CV y 370 Nm y, la segunda, con 310 CV y 380 Nm estará destinada para el Audi TTS.'),
(10, 'Audi', 0, 0 ,'LJCPCBLCX1100235', 'Todoterreno', 2, 62590, 218, 'Diésel', 'Q7', 6, 'Deportivo', NULL, '/delux/Lib/img/coches/Audi/Q7/audi-q7_2016_c01', 11, 'Mucho más ligero, ágil y deportivo. Así es el nuevo Audi Q7. Los de Ingolstadt han creado un duro rival para el Porsche Cayenne y el BMW X5. El diseño no sorprende en exceso. No cabe duda de que es un SUV atractivo, pero recuerda en exceso al modelo anterior. Así que uno apenas sospecha al primer vistazo que apenas comparte una pieza con su antecesor, que se trata de un modelo completamente nuevo, y más bien parece un ‘facelift’. Pero no es así en absoluto. Hay que fijarse para ver dónde están las novedades de la carrocería. Y en cuanto lo pones en la báscula, uno se da cuenta del milagro: ahorra nada más y nada menos que 325 kilos respecto al anterior, y logra quedarse por debajo de las dos toneladas. Primera sorpresa. En el interior sí que se notan las diferencias: es más moderno y ergonómico, transmite aún más calidad que el del modelo anterior y sus sistemas multimedia y de conectividad se han puesto a la última. La cura de adelgazamiento se nota: su construcción ligera y el nuevo chasis de cinco brazos, así como motores más potentes y la opción de las ruedas traseras direccionales o la suspensión neumática dejan patente que  transmite más ligereza y es más manejable. A las salidas de los semáforos empuja con agresividad, pasa por las curvas ágil y aplomado, en superficie irregular filtra con eficacia y confort. En carreteras de montaña, da la impresión de estar conduciendo un Audi Q5 con traje de gala. En cuanto a la gama de motores, el Q7 cuenta con un 3.0 TDI de 272 CV, y un 3.0 TFSI de 333 CV.'),
(11, 'Audi', 0, 0 ,'LJCPCBLCX1100235', 'Todoterreno', 5, 110900, 435, 'Diésel', 'SQ7', 6, 'Deportivo', NULL, '/delux/Lib/img/coches/Audi/Q7/audi-sq7_2017_c01', 11, 'Mucho más ligero, ágil y deportivo. Así es el nuevo Audi Q7. Los de Ingolstadt han creado un duro rival para el Porsche Cayenne y el BMW X5. El diseño no sorprende en exceso. No cabe duda de que es un SUV atractivo, pero recuerda en exceso al modelo anterior. Así que uno apenas sospecha al primer vistazo que apenas comparte una pieza con su antecesor, que se trata de un modelo completamente nuevo, y más bien parece un ‘facelift’. Pero no es así en absoluto. Hay que fijarse para ver dónde están las novedades de la carrocería. Y en cuanto lo pones en la báscula, uno se da cuenta del milagro: ahorra nada más y nada menos que 325 kilos respecto al anterior, y logra quedarse por debajo de las dos toneladas. Primera sorpresa. En el interior sí que se notan las diferencias: es más moderno y ergonómico, transmite aún más calidad que el del modelo anterior y sus sistemas multimedia y de conectividad se han puesto a la última. La cura de adelgazamiento se nota: su construcción ligera y el nuevo chasis de cinco brazos, así como motores más potentes y la opción de las ruedas traseras direccionales o la suspensión neumática dejan patente que  transmite más ligereza y es más manejable. A las salidas de los semáforos empuja con agresividad, pasa por las curvas ágil y aplomado, en superficie irregular filtra con eficacia y confort. En carreteras de montaña, da la impresión de estar conduciendo un Audi Q5 con traje de gala. En cuanto a la gama de motores, el Q7 cuenta con un 3.0 TDI de 272 CV, y un 3.0 TFSI de 333 CV.'),
(12, 'Audi', 0, 0 ,'LJCPCBLCX1100235', 'Todoterreno', 5, 39160, 150, 'Diésel', 'Q5', 6, 'Deportivo', NULL, '/delux/Lib/img/coches/Audi/Q5/audi-q5-2017-c01', 11, 'El Audi Q5 es el hermano pequeño del Q7 (basado en la misma plataforma que el A4). Eso ya le otorga una buena ventaja en cuanto a comportamiento dinámico sobre asfalto. Para garantizar el mismo resultado por caminos de baja dificultad, cuenta con una altura libre al suelo de 200 milímetros y un sistema de tracción integral permanente con diferencial Torsen y autoblocante. No tiene reductora, aunque sí un control electrónico de descenso. Es un duro rival de modelos como el BMW X3 o el Volvo XC60, cuenta con un amplio habitáculo capaz de dar cabida a cinco pasajeros. Sus 4,63 metros de longitud no le hacen especialmente aparatoso a la hora de moverse en ciudad, uno de los escenarios por lo que se moverá con más frecuencia, junto a las autovías. La oferta mecánica se basa en tres motores TDI y dos TFSI que combinan la inyección directa con la sobrealimentación y equipan de serie el sistema Start-Stop. El 2.0 TDI está disponible en tres variantes (150 CV, 177 CV y 190 CV). El 3.0 TDI entrega 245 CV y 580 Nm de par. En cuanto a las variantes gasolina, el 2.0 TFSI se ofrece en dos rangos de potencia: 180CV y 225 CV. Mayor potencia aún ofrece el nuevo 3.0 TFSI: el V6 sobrealimentado por compresor genera 272 CV y 400 Nm de par. Los usuarios más deportivos se decantarán por el SQ5 que tiene un motor diésel TDI de 313 CV de potencia. Este vehículo ofrece una puesta a punto más deportiva.'),
(13, 'Audi', 0, 0 ,'LJCPCBLCX1100235', 'Todoterreno', 5, 30990, 150, 'Diésel', 'Q3', 6, 'Deportivo', NULL, '/delux/Lib/img/coches/Audi/Q3/audi-q3-2017-c01', 11, 'El SUV compacto de Audi recibe un profundo lavado de cara, con mejoras en el diseño, chasis, motores y tecnología, que le debería mantener entre los mejores de su segmento. Al tratarse de un simple, aunque profundo, lavado de cara, lo primero que cabe decir es que las cotas exteriores del nuevo Q3 permanecen inalteradas. Donde sí se perciben numerosos cambios en el nuevo Audi Q3 es en el apartado del diseño, en el que para empezar dispondrá de luces xenón plus con luz diurna LED de serie en toda la gama. En el frontal, la parrilla tridimensional tiene unos nuevos bordes en las esquinas y el paragolpes ha sido completamente rediseñado. También hay unos nuevos grupos ópticos LED en la zaga y las barras longitudinales del techo y la cubierta del maletero ahora también estarán presentes sin coste para el comprador. Justo bajo el gigante portón, las salidas de escape están cromadas. Hay también tres nuevos colores disponibles para este nuevo Q3.'),
(14, 'Audi', 0, 0 ,'LJCPCBLCX1100235', 'Todoterreno', 5, 70360, 367, 'Diésel', 'RS Q3', 6, 'Deportivo', NULL, '/delux/Lib/img/coches/Audi/Q3/audi-rs_q3_2015_c01', 11, 'El SUV compacto de Audi recibe un profundo lavado de cara, con mejoras en el diseño, chasis, motores y tecnología, que le debería mantener entre los mejores de su segmento. Al tratarse de un simple, aunque profundo, lavado de cara, lo primero que cabe decir es que las cotas exteriores del nuevo Q3 permanecen inalteradas. Donde sí se perciben numerosos cambios en el nuevo Audi Q3 es en el apartado del diseño, en el que para empezar dispondrá de luces xenón plus con luz diurna LED de serie en toda la gama. En el frontal, la parrilla tridimensional tiene unos nuevos bordes en las esquinas y el paragolpes ha sido completamente rediseñado. También hay unos nuevos grupos ópticos LED en la zaga y las barras longitudinales del techo y la cubierta del maletero ahora también estarán presentes sin coste para el comprador. Justo bajo el gigante portón, las salidas de escape están cromadas. Hay también tres nuevos colores disponibles para este nuevo Q3.'),
(15, 'Audi', 0, 0 ,'LJCPCBLCX1100235', 'Turismo', 5, 70360, 367, 'Diésel', 'A8 Corto', 6, 'Deportivo', NULL, '/delux/Lib/img/coches/Audi/A8/audi-a8_2014_c01', 11, 'El Audi A8 tuvo una ligera renovación en el Salón de Frankfurt de 2015, pues estamos hablando de un modelo que nació en 2009. Audi ha renovado ligeramente el frontal, con una actualización estética de los faros y la parrilla. Con respecto a los primeros, lo más importante reside en la tecnología que utilizan y que la marca de los aros llama Matrix LED. Funciona eligiendo una serie de LED que se pueden encender o apagar en función de las necesidades puntuales de ilumninación. Así por ejemplo, con las luces de carretera activadas, este sistema es capaz de apagar los diodos necesarios para no deslumbrar a los conductores que vengan de frente. En cuanto a la gama mecánica, el Audi A8 ha insuflado una sobredosis de potencia a casi todos sus bloques. De esta forma, de las cuatro alternativas de gasolina, el 3.0 TFSI y 4.0 TFSI ofrecen ahora 310 y 425 CV respectivamente. Para el W12 y S8 no varía la cifra de potencia. De los propulsores diésel, 3.0 TDI y 4.2 TDI, ambos ganan caballos hasta ofrecer 258 y 385 CV. Por su parte, el Audi A8 Hybrid no varía técnicamente con respecto al anterior. Todos los motores van asociados a la tracción quattro y a un cambio automático de convertidor de par Tiptronic de ocho relaciones. Del nuevo equipamiento, el Audi A8 incluye el sistema de proyección de información sobre el parabrisas, y un nuevo Night Vision que distingue mejor a los animales y a las personas más allá del campo de visión de las personas y del haz de luz. También se ha mejorado el sistema de aparcamiento semiautomático y el asistente de mantenimiento de carril. Como hasta ahora, el A8 mantendrá sus dos variantes de carrocería, normal y larga (con 13 centímetros extra). Esta última cuenta con dos asientos separados por una consola, reglajes eléctricos y distintos elementos para velar por el confort de sus pasajeros'),
(16, 'Audi', 0, 0 ,'LJCPCBLCX1100235', 'Turismo', 5, 70360, 367, 'Diésel', 'A8 Largo', 6, 'Deportivo', NULL, '/delux/Lib/img/coches/Audi/A8/audi-a8l_2014_c01', 11, 'El Audi A8 tuvo una ligera renovación en el Salón de Frankfurt de 2015, pues estamos hablando de un modelo que nació en 2009. Audi ha renovado ligeramente el frontal, con una actualización estética de los faros y la parrilla. Con respecto a los primeros, lo más importante reside en la tecnología que utilizan y que la marca de los aros llama Matrix LED. Funciona eligiendo una serie de LED que se pueden encender o apagar en función de las necesidades puntuales de ilumninación. Así por ejemplo, con las luces de carretera activadas, este sistema es capaz de apagar los diodos necesarios para no deslumbrar a los conductores que vengan de frente. En cuanto a la gama mecánica, el Audi A8 ha insuflado una sobredosis de potencia a casi todos sus bloques. De esta forma, de las cuatro alternativas de gasolina, el 3.0 TFSI y 4.0 TFSI ofrecen ahora 310 y 425 CV respectivamente. Para el W12 y S8 no varía la cifra de potencia. De los propulsores diésel, 3.0 TDI y 4.2 TDI, ambos ganan caballos hasta ofrecer 258 y 385 CV. Por su parte, el Audi A8 Hybrid no varía técnicamente con respecto al anterior. Todos los motores van asociados a la tracción quattro y a un cambio automático de convertidor de par Tiptronic de ocho relaciones. Del nuevo equipamiento, el Audi A8 incluye el sistema de proyección de información sobre el parabrisas, y un nuevo Night Vision que distingue mejor a los animales y a las personas más allá del campo de visión de las personas y del haz de luz. También se ha mejorado el sistema de aparcamiento semiautomático y el asistente de mantenimiento de carril. Como hasta ahora, el A8 mantendrá sus dos variantes de carrocería, normal y larga (con 13 centímetros extra). Esta última cuenta con dos asientos separados por una consola, reglajes eléctricos y distintos elementos para velar por el confort de sus pasajeros'),
(17, 'Audi', 0, 0 ,'LJCPCBLCX1100235', 'Turismo', 5, 70360, 367, 'Diésel', 'S8', 6, 'Deportivo', NULL, '/delux/Lib/img/coches/Audi/A8/audi-s8_2016_c01', 11, 'El Audi A8 tuvo una ligera renovación en el Salón de Frankfurt de 2015, pues estamos hablando de un modelo que nació en 2009. Audi ha renovado ligeramente el frontal, con una actualización estética de los faros y la parrilla. Con respecto a los primeros, lo más importante reside en la tecnología que utilizan y que la marca de los aros llama Matrix LED. Funciona eligiendo una serie de LED que se pueden encender o apagar en función de las necesidades puntuales de ilumninación. Así por ejemplo, con las luces de carretera activadas, este sistema es capaz de apagar los diodos necesarios para no deslumbrar a los conductores que vengan de frente. En cuanto a la gama mecánica, el Audi A8 ha insuflado una sobredosis de potencia a casi todos sus bloques. De esta forma, de las cuatro alternativas de gasolina, el 3.0 TFSI y 4.0 TFSI ofrecen ahora 310 y 425 CV respectivamente. Para el W12 y S8 no varía la cifra de potencia. De los propulsores diésel, 3.0 TDI y 4.2 TDI, ambos ganan caballos hasta ofrecer 258 y 385 CV. Por su parte, el Audi A8 Hybrid no varía técnicamente con respecto al anterior. Todos los motores van asociados a la tracción quattro y a un cambio automático de convertidor de par Tiptronic de ocho relaciones. Del nuevo equipamiento, el Audi A8 incluye el sistema de proyección de información sobre el parabrisas, y un nuevo Night Vision que distingue mejor a los animales y a las personas más allá del campo de visión de las personas y del haz de luz. También se ha mejorado el sistema de aparcamiento semiautomático y el asistente de mantenimiento de carril. Como hasta ahora, el A8 mantendrá sus dos variantes de carrocería, normal y larga (con 13 centímetros extra). Esta última cuenta con dos asientos separados por una consola, reglajes eléctricos y distintos elementos para velar por el confort de sus pasajeros'),
(18, 'Audi', 0, 0 ,'LJCPCBLCX1100235', 'Turismo', 5, 70360, 367, 'Diésel', 'A7 Sportback', 6, 'Deportivo', NULL, '/delux/Lib/img/coches/Audi/A7/audi-a7_sportback_2015_c01', 11, 'Se puso a la venta en 2010 y ahora el Audi A7 se renueva con varios cambios estéticos que nos se notan en exceso, pero sí aportan un aire más moderno. Los cambios más destacables afectan a la parrilla delantera, paragolpes, salidas de escape y faros. La tecnología LED es ahora de serie y, opcionalmente, puede equipar faros tipo Matrix LED, que iluminan la ruta sin deslumbrar a otros usuarios de la carretera. Combinados con los faros Matrix LED, los intermitentes delanteros de este Audi son de señalización dinámica progresiva, un sistema que en los grupos traseros es de serie. Construido en aluminio, la carrocería del Audi A7 puede albergar cinco motores: dos de gasolina y tres diésel. Su potencia oscila entre los 218 CV y 333 CV y todos cumplen la norma de emisiones Euro 6. El nuevo V6 3.0 TDI incluye tecnologías como el sistema de descontaminación de los gases de escape con catalizador y filtro de partículas integrados en una única unidad. El V6 de tres litros rinde 272 CV mientras que la versión ultra con 218 CV y tracción delantera consume un promedio de sólo 4,7 litros/100 km. El motor diésel de mayor potencia es el 3.0 TDI biturbo, que rinde 320 CV. En cuanto a las versiones de gasolina, se ofrecen con motor 2.0 TFSI de 252 CV y 3.0 TFSI de 333 CV. El motor superior de la gama A7 Sportback, el 4.0 TFSI de gasolina, está reservado al Audi S7. Desarrolla una potencia de 450 CV y utiliza la técnica –COD– Cylinder on Demand. En todas sus versiones, el nuevo A7 Sportback estará equipado con levas en el volante multifunción. En las tracción delantera, la transmisión de doble embrague ha sido totalmente rediseñada, sustituyendo al cambio multitronic. La tracción integral permanente quattro puede complementarse con el diferencial deportivo, que distribuye activamente el par entre las dos ruedas traseras. El Audi A7 Sportback mejora también en materia de infotainment. El sistema opcional MMI Navigation Plus con MMI Touch, utiliza la última generación del sistema modular de infoentretenimiento; su rasgo destacado es un potente procesador gráfico del socio de Audi, Nvidia. El control por pulsador optimizado permite al conductor explorar y hacer zoom en listas y mapas. El MMI Navigation Plus se puede complementar con el Audi Connect, que vincula al coupé cinco puertas con Internet vía el sistema de transmisión de datos de alta velocidad LTE. El Audi Phone Box conecta el teléfono móvil del usuario al la antena del coche para una mejor recepción. Lo máximo en la oferta de sonido es el Advanced Sound System de Bang & Olufsen. No cabe duda de que a nivel de conectividad y calidad de sonido, pocas marcas pueden hacerle sombra.'),
(19, 'Audi', 0, 0 ,'LJCPCBLCX1100235', 'Turismo', 5, 70360, 367, 'Diésel', 'S7 Sportback', 6, 'Deportivo', NULL, '/delux/Lib/img/coches/Audi/A7/audi-s7_sportback_2015_c01', 11, 'Se puso a la venta en 2010 y ahora el Audi A7 se renueva con varios cambios estéticos que nos se notan en exceso, pero sí aportan un aire más moderno. Los cambios más destacables afectan a la parrilla delantera, paragolpes, salidas de escape y faros. La tecnología LED es ahora de serie y, opcionalmente, puede equipar faros tipo Matrix LED, que iluminan la ruta sin deslumbrar a otros usuarios de la carretera. Combinados con los faros Matrix LED, los intermitentes delanteros de este Audi son de señalización dinámica progresiva, un sistema que en los grupos traseros es de serie. Construido en aluminio, la carrocería del Audi A7 puede albergar cinco motores: dos de gasolina y tres diésel. Su potencia oscila entre los 218 CV y 333 CV y todos cumplen la norma de emisiones Euro 6. El nuevo V6 3.0 TDI incluye tecnologías como el sistema de descontaminación de los gases de escape con catalizador y filtro de partículas integrados en una única unidad. El V6 de tres litros rinde 272 CV mientras que la versión ultra con 218 CV y tracción delantera consume un promedio de sólo 4,7 litros/100 km. El motor diésel de mayor potencia es el 3.0 TDI biturbo, que rinde 320 CV. En cuanto a las versiones de gasolina, se ofrecen con motor 2.0 TFSI de 252 CV y 3.0 TFSI de 333 CV. El motor superior de la gama A7 Sportback, el 4.0 TFSI de gasolina, está reservado al Audi S7. Desarrolla una potencia de 450 CV y utiliza la técnica –COD– Cylinder on Demand. En todas sus versiones, el nuevo A7 Sportback estará equipado con levas en el volante multifunción. En las tracción delantera, la transmisión de doble embrague ha sido totalmente rediseñada, sustituyendo al cambio multitronic. La tracción integral permanente quattro puede complementarse con el diferencial deportivo, que distribuye activamente el par entre las dos ruedas traseras. El Audi A7 Sportback mejora también en materia de infotainment. El sistema opcional MMI Navigation Plus con MMI Touch, utiliza la última generación del sistema modular de infoentretenimiento; su rasgo destacado es un potente procesador gráfico del socio de Audi, Nvidia. El control por pulsador optimizado permite al conductor explorar y hacer zoom en listas y mapas. El MMI Navigation Plus se puede complementar con el Audi Connect, que vincula al coupé cinco puertas con Internet vía el sistema de transmisión de datos de alta velocidad LTE. El Audi Phone Box conecta el teléfono móvil del usuario al la antena del coche para una mejor recepción. Lo máximo en la oferta de sonido es el Advanced Sound System de Bang & Olufsen. No cabe duda de que a nivel de conectividad y calidad de sonido, pocas marcas pueden hacerle sombra.'),
(20, 'Audi', 0, 0 ,'LJCPCBLCX1100235', 'Turismo', 5, 70360, 367, 'Diésel', 'RS7 Sportback', 6, 'Deportivo', NULL, '/delux/Lib/img/coches/Audi/A7/audi-rs7_sportback_2015_c01', 11, 'Se puso a la venta en 2010 y ahora el Audi A7 se renueva con varios cambios estéticos que nos se notan en exceso, pero sí aportan un aire más moderno. Los cambios más destacables afectan a la parrilla delantera, paragolpes, salidas de escape y faros. La tecnología LED es ahora de serie y, opcionalmente, puede equipar faros tipo Matrix LED, que iluminan la ruta sin deslumbrar a otros usuarios de la carretera. Combinados con los faros Matrix LED, los intermitentes delanteros de este Audi son de señalización dinámica progresiva, un sistema que en los grupos traseros es de serie. Construido en aluminio, la carrocería del Audi A7 puede albergar cinco motores: dos de gasolina y tres diésel. Su potencia oscila entre los 218 CV y 333 CV y todos cumplen la norma de emisiones Euro 6. El nuevo V6 3.0 TDI incluye tecnologías como el sistema de descontaminación de los gases de escape con catalizador y filtro de partículas integrados en una única unidad. El V6 de tres litros rinde 272 CV mientras que la versión ultra con 218 CV y tracción delantera consume un promedio de sólo 4,7 litros/100 km. El motor diésel de mayor potencia es el 3.0 TDI biturbo, que rinde 320 CV. En cuanto a las versiones de gasolina, se ofrecen con motor 2.0 TFSI de 252 CV y 3.0 TFSI de 333 CV. El motor superior de la gama A7 Sportback, el 4.0 TFSI de gasolina, está reservado al Audi S7. Desarrolla una potencia de 450 CV y utiliza la técnica –COD– Cylinder on Demand. En todas sus versiones, el nuevo A7 Sportback estará equipado con levas en el volante multifunción. En las tracción delantera, la transmisión de doble embrague ha sido totalmente rediseñada, sustituyendo al cambio multitronic. La tracción integral permanente quattro puede complementarse con el diferencial deportivo, que distribuye activamente el par entre las dos ruedas traseras. El Audi A7 Sportback mejora también en materia de infotainment. El sistema opcional MMI Navigation Plus con MMI Touch, utiliza la última generación del sistema modular de infoentretenimiento; su rasgo destacado es un potente procesador gráfico del socio de Audi, Nvidia. El control por pulsador optimizado permite al conductor explorar y hacer zoom en listas y mapas. El MMI Navigation Plus se puede complementar con el Audi Connect, que vincula al coupé cinco puertas con Internet vía el sistema de transmisión de datos de alta velocidad LTE. El Audi Phone Box conecta el teléfono móvil del usuario al la antena del coche para una mejor recepción. Lo máximo en la oferta de sonido es el Advanced Sound System de Bang & Olufsen. No cabe duda de que a nivel de conectividad y calidad de sonido, pocas marcas pueden hacerle sombra.'),
(21, 'BMW', 0, 0 ,'LJCPCBLCX1100235', 'Turismo', 2, 139200, 231, 'Diésel', 'i8', 2, 'Deportivo', NULL, '/delux/Lib/img/coches/BMW/i8/bmw_i8_001', 11, 'Le gusta llamar la atención y cada trazo de su carrocería es un reclamo para la vista. Con 4,68 metros de longitud y solo 1,29 de altura, el BMW i8 no pasaría desapercibido ni aunque se lo propusiese. Es un espectáculo cuya función siempre comienza con el mismo golpe de efecto: las dos puertas laterales se elevan al cielo y dejan al descubierto buena parte de la fibra de carbono de la que está construido. Después de la llegada del BMW i3, la marca alemana apuesta por su nueva gama de vehículos híbridos con los que quiere demostrar la máxima sostenibilidad. El BMW i8, con su configuración de 2+2 asientos, quiere hacer experimentar a su conductor una revolucionaria forma de conducir, aunque se mantiene fiel al típico placer de conducir de los coches bávaros.'),
(22, 'BMW', 0, 0 ,'LJCPCBLCX1100235', 'Turismo', 4, 32600, 116, 'Diésel', 'Serie 3 Berlina', 2, 'Deportivo', NULL, '/delux/Lib/img/coches/BMW/Serie3/bmw-3-series-2016-c01', 11, 'El BMW Serie 3 es el modelo de fabricante alemán en el segmento de las berlinas de tamaño medio. En esta categoría ya es prácticamente un ícono desde hace más de 40 años. Sus seis generaciones de modelos Serie 3 han marcado las pautas en cuanto a dinamismo, eficiencia y diseño. La Serie 3 de BMW cuenta con rivales como el Audi A4, el Mercedes-Benz Clase C o el Volvo S60. A lo largo de su historia se han vendido más de 12 millones de unidades de las seis generaciones del BMW Serie 3. En 1975 llegó la primera, y en la actualidad, es la sexta la que circula por nuestras calles. Los últimos modelos de la Serie 3 de BMW, tanto en carrocería sedán como familiar, son ahora más atractivos que nunca, gracias a un diseño más perfeccionado, al empleo de avanzada tecnología y a sus modernos y eficientes propulsores. El BMW Serie 3 se mira más que nunca en su hermano mayor, el BMW Serie 5. Eso se nota a simple vista, con un frontal mucho más estilizado, con unos mínimos voladizos y una zaga muy inspirada en la gran berlina. Con sus dimensiones, el BMW Serie 3 poco tiene que ver ya con el anterior: crece en todas sus medidas. Ahora es más largo, más alto, con mayor distancia entre ejes y mayor anchura de vías. Estas nuevas medidas benefician sobre todo a los pasajeros en la banqueta trasera, que ganan unos valiosos centímetros para las rodillas y para la cabeza. De esta forma, el fabricante bávaro se quita de un plumazo uno de los mayores hándicaps de la anterior generación del BMW Serie 3: el espacio en la segunda fila. El maletero también permite mayor volumen de carga y ofrece ahora unos razonables 480 litros que se pueden ampliar abatiendo los respaldos en los asientos traseros.'),
(23, 'BMW', 0, 0 ,'LJCPCBLCX1100235', 'Turismo', 2, 40700, 150, 'Diésel', 'Serie 4 Coupe', 2, 'Deportivo', NULL, '/delux/Lib/img/coches/BMW/Serie4/bmw-4-series_coupe-2014-c01', 11, 'El BMW Serie 4 se trata ni más ni menos que de la versión con carrocerías deportivas del actual Serie 3, con el que comparte plataforma y mecánicas. En cuanto al equipamiento, también es muy similar al Serie 3, sin apenas diferencias en los elementos que incorpora de serie y prácticamente los mismos opcionales. Las primeras informaciones oficiales de la Serie 4 de BMW datan de 2012. La Serie 4 de BMW sustituye a los anteriores modelos identificados como Serie 3 Coupé y Cabrio. El BMW Serie 4 Coupé marca el inicio de una nueva era de modelos coupé de BMW. Comparado con su antecesor, es visiblemente más largo y cuenta con mayor distancia entre ejes. Al mismo tiempo llama la atención la silueta propia de un modelo coupé, más alargada y baja en altura. El BMW Serie 4 Coupé muestra un perfecto equilibrio en su diseño exterior, gracias a diversos rasgos típicos de la marca, como los cortos voladizos, el alargado capó, el habitáculo desplazado hacia atrás y el trazo que marca el techo. La sección frontal, también con las formas típicas del fabricante, muestra el parentesco con los modelos de la Serie 3. El BMW Serie 4 Coupé cuenta con unos llamativos y deportivos pasos de ruedas que acentuan el ancho del conjunto.'),
(24, 'BMW', 0, 0 ,'LJCPCBLCX1100235', 'Turismo', 2, 40700, 150, 'Diésel', 'Serie 4 Cabrio', 2, 'Deportivo', NULL, '/delux/Lib/img/coches/BMW/Serie4/bmw-4-series_convertible-2014-c01', 11, 'El BMW Serie 4 se trata ni más ni menos que de la versión con carrocerías deportivas del actual Serie 3, con el que comparte plataforma y mecánicas. En cuanto al equipamiento, también es muy similar al Serie 3, sin apenas diferencias en los elementos que incorpora de serie y prácticamente los mismos opcionales. Las primeras informaciones oficiales de la Serie 4 de BMW datan de 2012. La Serie 4 de BMW sustituye a los anteriores modelos identificados como Serie 3 Coupé y Cabrio. El BMW Serie 4 Coupé marca el inicio de una nueva era de modelos coupé de BMW. Comparado con su antecesor, es visiblemente más largo y cuenta con mayor distancia entre ejes. Al mismo tiempo llama la atención la silueta propia de un modelo coupé, más alargada y baja en altura. El BMW Serie 4 Coupé muestra un perfecto equilibrio en su diseño exterior, gracias a diversos rasgos típicos de la marca, como los cortos voladizos, el alargado capó, el habitáculo desplazado hacia atrás y el trazo que marca el techo. La sección frontal, también con las formas típicas del fabricante, muestra el parentesco con los modelos de la Serie 3. El BMW Serie 4 Coupé cuenta con unos llamativos y deportivos pasos de ruedas que acentuan el ancho del conjunto.'),
(25, 'BMW', 0, 0 ,'LJCPCBLCX1100235', 'Turismo', 2, 40700, 150, 'Diésel', 'M4 Coupe', 2, 'Deportivo', NULL, '/delux/Lib/img/coches/BMW/Serie4/bmw-m4_coupe-2015_c01', 11, 'El BMW Serie 4 se trata ni más ni menos que de la versión con carrocerías deportivas del actual Serie 3, con el que comparte plataforma y mecánicas. En cuanto al equipamiento, también es muy similar al Serie 3, sin apenas diferencias en los elementos que incorpora de serie y prácticamente los mismos opcionales. Las primeras informaciones oficiales de la Serie 4 de BMW datan de 2012. La Serie 4 de BMW sustituye a los anteriores modelos identificados como Serie 3 Coupé y Cabrio. El BMW Serie 4 Coupé marca el inicio de una nueva era de modelos coupé de BMW. Comparado con su antecesor, es visiblemente más largo y cuenta con mayor distancia entre ejes. Al mismo tiempo llama la atención la silueta propia de un modelo coupé, más alargada y baja en altura. El BMW Serie 4 Coupé muestra un perfecto equilibrio en su diseño exterior, gracias a diversos rasgos típicos de la marca, como los cortos voladizos, el alargado capó, el habitáculo desplazado hacia atrás y el trazo que marca el techo. La sección frontal, también con las formas típicas del fabricante, muestra el parentesco con los modelos de la Serie 3. El BMW Serie 4 Coupé cuenta con unos llamativos y deportivos pasos de ruedas que acentuan el ancho del conjunto.'),
(26, 'BMW', 0, 0 ,'LJCPCBLCX1100235', 'Turismo', 5, 40700, 150, 'Diésel', 'Serie 4 Gran Coupe', 2, 'Deportivo', NULL, '/delux/Lib/img/coches/BMW/Serie4/bmw_4-series-grancoupe_2016-c01', 11, 'El BMW Serie 4 se trata ni más ni menos que de la versión con carrocerías deportivas del actual Serie 3, con el que comparte plataforma y mecánicas. En cuanto al equipamiento, también es muy similar al Serie 3, sin apenas diferencias en los elementos que incorpora de serie y prácticamente los mismos opcionales. Las primeras informaciones oficiales de la Serie 4 de BMW datan de 2012. La Serie 4 de BMW sustituye a los anteriores modelos identificados como Serie 3 Coupé y Cabrio. El BMW Serie 4 Coupé marca el inicio de una nueva era de modelos coupé de BMW. Comparado con su antecesor, es visiblemente más largo y cuenta con mayor distancia entre ejes. Al mismo tiempo llama la atención la silueta propia de un modelo coupé, más alargada y baja en altura. El BMW Serie 4 Coupé muestra un perfecto equilibrio en su diseño exterior, gracias a diversos rasgos típicos de la marca, como los cortos voladizos, el alargado capó, el habitáculo desplazado hacia atrás y el trazo que marca el techo. La sección frontal, también con las formas típicas del fabricante, muestra el parentesco con los modelos de la Serie 3. El BMW Serie 4 Coupé cuenta con unos llamativos y deportivos pasos de ruedas que acentuan el ancho del conjunto.'),
(27, 'BMW', 0, 0 ,'LJCPCBLCX1100235', 'Turismo', 2, 102300, 150, 'Diésel', 'M4 Cabrio', 2, 'Deportivo', NULL, '/delux/Lib/img/coches/BMW/Serie4/bmw-m4_convertible-2016-c01', 11, 'El BMW Serie 4 se trata ni más ni menos que de la versión con carrocerías deportivas del actual Serie 3, con el que comparte plataforma y mecánicas. En cuanto al equipamiento, también es muy similar al Serie 3, sin apenas diferencias en los elementos que incorpora de serie y prácticamente los mismos opcionales. Las primeras informaciones oficiales de la Serie 4 de BMW datan de 2012. La Serie 4 de BMW sustituye a los anteriores modelos identificados como Serie 3 Coupé y Cabrio. El BMW Serie 4 Coupé marca el inicio de una nueva era de modelos coupé de BMW. Comparado con su antecesor, es visiblemente más largo y cuenta con mayor distancia entre ejes. Al mismo tiempo llama la atención la silueta propia de un modelo coupé, más alargada y baja en altura. El BMW Serie 4 Coupé muestra un perfecto equilibrio en su diseño exterior, gracias a diversos rasgos típicos de la marca, como los cortos voladizos, el alargado capó, el habitáculo desplazado hacia atrás y el trazo que marca el techo. La sección frontal, también con las formas típicas del fabricante, muestra el parentesco con los modelos de la Serie 3. El BMW Serie 4 Coupé cuenta con unos llamativos y deportivos pasos de ruedas que acentuan el ancho del conjunto.'),
(28, 'BMW', 0, 0 ,'LJCPCBLCX1100235', 'Turismo', 4, 42150, 449, 'Diésel', 'Serie 5 Berlina', 2, 'Deportivo', NULL, '/delux/Lib/img/coches/BMW/Serie5/bmw-5_series-2015_c01', 11, 'El BMW Serie 5 es un modelo de cuatro puertas que mide 4,9 metros y que resulta ideal como modelo de representación de gama media-alta. Ya desde los años 60, BMW desarrolló el perfil de fabricante de berlinas de cuatro puertas para el segmento medio, combinando deportividad y elegancia. Con carrocerías de tres volúmenes y cuatro puertas, motores dispuestos longitudinalmente en la parte delantera y tracción trasera, BMW estableció las bases en aquella época que siguen teniendo un gran atractivo y gran respaldo hoy en día. Las ventas del BMW Serie 5 ya suman más de cinco millones de unidades en las cinco generaciones comercializadas. Ahora se inicia un nuevo capítulo en la historia del BMW Serie 5 Berlina con la nueva generación, que sigue la herencia de su predecesor.'),
(29, 'BMW', 0, 0 ,'LJCPCBLCX1100235', 'Turismo', 5, 46650, 381, 'Diésel', 'Serie 5 Touring', 2, 'Deportivo', NULL, '/delux/Lib/img/coches/BMW/Serie5/bmw_5-series-touring_2015_c01', 11, 'El BMW Serie 5 es un modelo de cuatro puertas que mide 4,9 metros y que resulta ideal como modelo de representación de gama media-alta. Ya desde los años 60, BMW desarrolló el perfil de fabricante de berlinas de cuatro puertas para el segmento medio, combinando deportividad y elegancia. Con carrocerías de tres volúmenes y cuatro puertas, motores dispuestos longitudinalmente en la parte delantera y tracción trasera, BMW estableció las bases en aquella época que siguen teniendo un gran atractivo y gran respaldo hoy en día. Las ventas del BMW Serie 5 ya suman más de cinco millones de unidades en las cinco generaciones comercializadas. Ahora se inicia un nuevo capítulo en la historia del BMW Serie 5 Berlina con la nueva generación, que sigue la herencia de su predecesor.'),
(30, 'BMW', 0, 0 ,'LJCPCBLCX1100235', 'Turismo', 5, 54950, 450, 'Diésel', 'Serie 5 Gran Turismo', 2, 'Deportivo', NULL, '/delux/Lib/img/coches/BMW/Serie5/bmw_5-series-gt_2015_c01', 11, 'El BMW Serie 5 es un modelo de cuatro puertas que mide 4,9 metros y que resulta ideal como modelo de representación de gama media-alta. Ya desde los años 60, BMW desarrolló el perfil de fabricante de berlinas de cuatro puertas para el segmento medio, combinando deportividad y elegancia. Con carrocerías de tres volúmenes y cuatro puertas, motores dispuestos longitudinalmente en la parte delantera y tracción trasera, BMW estableció las bases en aquella época que siguen teniendo un gran atractivo y gran respaldo hoy en día. Las ventas del BMW Serie 5 ya suman más de cinco millones de unidades en las cinco generaciones comercializadas. Ahora se inicia un nuevo capítulo en la historia del BMW Serie 5 Berlina con la nueva generación, que sigue la herencia de su predecesor.'),
(31, 'BMW', 0, 0 ,'LJCPCBLCX1100235', 'Turismo', 4, 122050, 560, 'Diésel', 'M5', 2, 'Deportivo', NULL, '/delux/Lib/img/coches/BMW/Serie5/bmw-m5_2015_c01', 11, 'El BMW Serie 5 es un modelo de cuatro puertas que mide 4,9 metros y que resulta ideal como modelo de representación de gama media-alta. Ya desde los años 60, BMW desarrolló el perfil de fabricante de berlinas de cuatro puertas para el segmento medio, combinando deportividad y elegancia. Con carrocerías de tres volúmenes y cuatro puertas, motores dispuestos longitudinalmente en la parte delantera y tracción trasera, BMW estableció las bases en aquella época que siguen teniendo un gran atractivo y gran respaldo hoy en día. Las ventas del BMW Serie 5 ya suman más de cinco millones de unidades en las cinco generaciones comercializadas. Ahora se inicia un nuevo capítulo en la historia del BMW Serie 5 Berlina con la nueva generación, que sigue la herencia de su predecesor.'),
(32, 'BMW', 0, 0 ,'LJCPCBLCX1100235', 'Turismo', 4, 102554, 450, 'Diésel', 'Serie 6 Gran Coupe', 2, 'Deportivo', NULL, '/delux/Lib/img/coches/BMW/Serie6/bmw_6-series-gc_2014-c01', 11, 'La Serie 6 de BMW son referencia en el segmento automovilístico superior gracias a sus vehículos de prestaciones deportivas, con interiores de gran calidad y un El BMW Serie 6 se divide en tres variantes de carrocería: Serie 6 Coupé, Serie 6 Cabrio y Serie 6 Gran Coupé. Cada una de ellas cuenta con una marcada personalidad propia. Todas ellas subrayan el carácter lujoso de esta gama de vehículos. Todas estas variantes se basan en el BMW Serie 5. Actualmente existen tres generaciones de la Serie 6 de BMW. La primera data de 1976, sucesora de los modelos 3.0CSi y dejó su máxima con modelos como el BMW 635CSi. La segunda generación del BMW Serie 6 se presentó oficialmente en el año 2004, cubriendo el espacio dejado por la Serie 8. En 2010, BMW hizo pública la tercera y actual generación.'),
(33, 'BMW', 0, 0 ,'LJCPCBLCX1100235', 'Turismo', 2, 100554, 450, 'Diésel', 'Serie 6 Coupe', 2, 'Deportivo', NULL, '/delux/Lib/img/coches/BMW/Serie6/bmw_6-series-coupe_2014_c01', 11, 'La Serie 6 de BMW son referencia en el segmento automovilístico superior gracias a sus vehículos de prestaciones deportivas, con interiores de gran calidad y un El BMW Serie 6 se divide en tres variantes de carrocería: Serie 6 Coupé, Serie 6 Cabrio y Serie 6 Gran Coupé. Cada una de ellas cuenta con una marcada personalidad propia. Todas ellas subrayan el carácter lujoso de esta gama de vehículos. Todas estas variantes se basan en el BMW Serie 5. Actualmente existen tres generaciones de la Serie 6 de BMW. La primera data de 1976, sucesora de los modelos 3.0CSi y dejó su máxima con modelos como el BMW 635CSi. La segunda generación del BMW Serie 6 se presentó oficialmente en el año 2004, cubriendo el espacio dejado por la Serie 8. En 2010, BMW hizo pública la tercera y actual generación.'),
(34, 'BMW', 0, 0 ,'LJCPCBLCX1100235', 'Turismo', 2, 109854, 449, 'Diésel', 'Serie 6 Cabrio', 2, 'Deportivo', NULL, '/delux/Lib/img/coches/BMW/Serie6/bmw-6-series_convertible-2015-c01', 11, 'La Serie 6 de BMW son referencia en el segmento automovilístico superior gracias a sus vehículos de prestaciones deportivas, con interiores de gran calidad y un El BMW Serie 6 se divide en tres variantes de carrocería: Serie 6 Coupé, Serie 6 Cabrio y Serie 6 Gran Coupé. Cada una de ellas cuenta con una marcada personalidad propia. Todas ellas subrayan el carácter lujoso de esta gama de vehículos. Todas estas variantes se basan en el BMW Serie 5. Actualmente existen tres generaciones de la Serie 6 de BMW. La primera data de 1976, sucesora de los modelos 3.0CSi y dejó su máxima con modelos como el BMW 635CSi. La segunda generación del BMW Serie 6 se presentó oficialmente en el año 2004, cubriendo el espacio dejado por la Serie 8. En 2010, BMW hizo pública la tercera y actual generación.'),
(35, 'BMW', 0, 0 ,'LJCPCBLCX1100235', 'Turismo', 2, 151000, 560, 'Gasolina', 'M6 Coupe', 2, 'Deportivo', NULL, '/delux/Lib/img/coches/BMW/Serie6/bmw-m6_coupe-2015_c01', 11, 'La Serie 6 de BMW son referencia en el segmento automovilístico superior gracias a sus vehículos de prestaciones deportivas, con interiores de gran calidad y un El BMW Serie 6 se divide en tres variantes de carrocería: Serie 6 Coupé, Serie 6 Cabrio y Serie 6 Gran Coupé. Cada una de ellas cuenta con una marcada personalidad propia. Todas ellas subrayan el carácter lujoso de esta gama de vehículos. Todas estas variantes se basan en el BMW Serie 5. Actualmente existen tres generaciones de la Serie 6 de BMW. La primera data de 1976, sucesora de los modelos 3.0CSi y dejó su máxima con modelos como el BMW 635CSi. La segunda generación del BMW Serie 6 se presentó oficialmente en el año 2004, cubriendo el espacio dejado por la Serie 8. En 2010, BMW hizo pública la tercera y actual generación.'),
(36, 'BMW', 0, 0 ,'LJCPCBLCX1100235', 'Turismo', 2, 161000, 560, 'Gasolina', 'M6 Cabrio', 2, 'Deportivo', NULL, '/delux/Lib/img/coches/BMW/Serie6/bmw-m6_convertible-2013-c01', 11, 'La Serie 6 de BMW son referencia en el segmento automovilístico superior gracias a sus vehículos de prestaciones deportivas, con interiores de gran calidad y un El BMW Serie 6 se divide en tres variantes de carrocería: Serie 6 Coupé, Serie 6 Cabrio y Serie 6 Gran Coupé. Cada una de ellas cuenta con una marcada personalidad propia. Todas ellas subrayan el carácter lujoso de esta gama de vehículos. Todas estas variantes se basan en el BMW Serie 5. Actualmente existen tres generaciones de la Serie 6 de BMW. La primera data de 1976, sucesora de los modelos 3.0CSi y dejó su máxima con modelos como el BMW 635CSi. La segunda generación del BMW Serie 6 se presentó oficialmente en el año 2004, cubriendo el espacio dejado por la Serie 8. En 2010, BMW hizo pública la tercera y actual generación.'),
(37, 'BMW', 0, 0 ,'LJCPCBLCX1100235', 'Turismo', 4, 155000, 560, 'Gasolina', 'M6 Gran Coupe', 2, 'Deportivo', NULL, '/delux/Lib/img/coches/BMW/Serie6/bmw-m6_gran_coupe-2014-c01', 11, 'La Serie 6 de BMW son referencia en el segmento automovilístico superior gracias a sus vehículos de prestaciones deportivas, con interiores de gran calidad y un El BMW Serie 6 se divide en tres variantes de carrocería: Serie 6 Coupé, Serie 6 Cabrio y Serie 6 Gran Coupé. Cada una de ellas cuenta con una marcada personalidad propia. Todas ellas subrayan el carácter lujoso de esta gama de vehículos. Todas estas variantes se basan en el BMW Serie 5. Actualmente existen tres generaciones de la Serie 6 de BMW. La primera data de 1976, sucesora de los modelos 3.0CSi y dejó su máxima con modelos como el BMW 635CSi. La segunda generación del BMW Serie 6 se presentó oficialmente en el año 2004, cubriendo el espacio dejado por la Serie 8. En 2010, BMW hizo pública la tercera y actual generación.'),
(38, 'Tesla', 0, 0 ,'LJCPCBLCX1100237', 'Turismo', 5, 78600, 469, 'Gasolina', 'Model S', 1, 'Deportivo', NULL, '/delux/Lib/img/coches/Tesla/ModelS/tesla-model_s_2013_01', 11, 'El Tesla Model S es una berlina de lujo de cinco puertas. Comercializado desde 2012, cuenta con la máxima calificación en materia de seguridad y, es todo un éxito en materia de ventas dentro y fuera de los Estados Unidos. Equipado con un paquete de baterías de 85 kWh, supera en autonomía al Tesla Roadster, siendo capaz de recorrer más de 400 kilómetros entre carga y carga. El motor va en el eje trasero y las baterías van tumbadas en el suelo. ¿Resultado? Un centro de gravedad más bajo para que la berlina vaya a la misma distancia del asfalto que un deportivo. El Tesla Model S está disponible en dos configuraciones diferentes de tracción: trasera y tracción total con motor dual. Esta última configuración equipa un motor en ambos ejes, monitorizados y controlados digitalmente, que permite una tracción óptima en cualquier situación. El Tesla Model S maximiza la capacidad del bloque de baterias con un diseño aerodinámico de lineas fluidas permitiendo una resistencia menor en el flujo de aire. En el interior llama la atención la pantalla táctil de 17 pulgadas, en ángulo hacia el conductor e incluye tanto los modos de día y de noche para una visibilidad sin distracciones. Cada superficie, tapizado y costura equilibra una óptima sensación táctil y visual, así como el respeto al medio ambiente. Los tiradores de las puertas están hechos de zinc pulido a mano, la tapicería de cuero utiliza cuero napa de alta calidad y las molduras decorativas están ejecutadas para preservar su belleza natural. Los materiales se obtienen cerca de la fábrica en California para reducir el impacto ambiental de su transporte a largas distancias.'),
(39, 'Tesla', 0, 0 ,'LJCPCBLCX1100237', 'Turismo', 5, 74800, 469, 'Gasolina', 'Model X', 1, 'Deportivo', NULL, '/delux/Lib/img/coches/Tesla/ModelX/tesla-model_x_2017_c01', 11, 'Tesla amplía su gama de modelos eléctricos con el Tesla Model X. Tras ver las primeras fotos oficiales, se confirma uno de los elementos más curiosos del coche y su futura seña de identidad: las espectaculares puertas traseras que en Tesla han bautizado como puertas de ala de halcón. En su interior uno encuentra más espacio y hasta tres filas de asientos para siete pasajeros. Lleva una batería de 90 kWh y una larga lista de equipamiento que incluye aparcamiento autónomo, asientos de cuero calefactables, luces diurnas, frenada de emergencia automática, tercera fila de asientos plegable, acceso sin llave y portón trasero automático. Otro de los elementos más curiosos del Tesla Model X es el botón de protección química o biológica. Elon Musk se ha mostrado orgulloso en afirmar que el Tesla Model X es el primer coche del mundo preparado ante un ataque químico o biológico, gracias a su gigantesco filtro de aire, hasta 10 veces mayor al de cualquier otro vehículo moderno. Esto consigue que en condiciones normales, en el habitáculo del Tesla Model X se encuentre una calidad del aire al nivel de cualquier habitación de hospital. En el modo ataque biológico, este filtro es capaz de filtrar bacterias 300 veces mejor que uno convencional, 500 veces mejor los alérgenos, 700 veces la contaminación ambiental y hasta 800 veces más eficaz a la hora de filtrar virus.

Además, lo más destacado son sus cifras de consumo, desveladas por la EPA estadounidense (Environmental Protection Agency): el modelo de acceso a la gama, el Model X AWD 90D tendrá un gasto en ciudad de 90 MPG, lo cuál serían 2,61 l/100 km. En autopista el consumo es de 2,5 l/100 km y el consumo combinado es de 2,56 l/100 km. Por su parte, la autonomía máxima del coche se cifra en 413 km. El Tesla Model X cuenta con tracción total de serie, igual que sus puertas tipo alas de gaviota traseras, que tiene un sensor para evitar rozar con el techo en los garajes; la tercera fila de asientos (otra de sus grandes bazas) será opcional. Pero, sin duda, uno de los aspectos que más llaman la atención son las puertas traseras de apertura vertical, denominadas ‘falcon-wing doors’. La plataforma del Tesla Model X está basada en la de la berlina de la marca, el Tesla Model S, con la que comparte el 60% de sus piezas. En el frontal, la parrilla no dispone de aberturas para refrigerar, pues al ser eléctrico no es necesario.

Los faros delanteros emplean tecnología LED y la suspensión es neumática, lo que permite variar la altura del Model X en función de su velocidad. Además, debido al particular sistema de propulsión del nuevo Model X, dispone de dos maleteros, uno delante y otro detrás (ya que los motores eléctricos ocupan muy poco espacio). Estará disponible con dos baterías de diferente rendimiento, una de 60 kWh y otra de 85 kWh. Estos valores determinan la potencia del motor, la autonomía máxima y las prestaciones. El Tesla Model X es capaz de hacer el 0-100 km/h en 3,8 segundos y alcanza una velocidad máxima de 250 km/h. Todo esto con una autonomía que supera los 360 km.'),
(40, 'Tesla', 0, 0 ,'LJCPCBLCX1100237', 'Turismo', 2, 78000, 500, 'Gasolina', 'Model 3', 1, 'Deportivo', NULL, '/delux/Lib/img/coches/Tesla/Model3/tesla-model_3_2018_c01', 11, 'Después de una larga espera, Tesla Motors presenta el Tesla Model 3, que se convertirá en el tercer integrante de la actual gama de Tesla. Posicionado como el modelo más económico (el Model 3 partirá de los 35.000 dólares en Estados Unidos), ofrece una autonomía de 350 kilómetros aproximadamente, además de ser capaz de realizar el 0 a 100 km/h en menos de seis segundos. Con este modelo se redondea el Master Plan de Elon Musk y Tesla, que comenzó con el Tesla Roadster, avanzó con el Model S, y creció hasta abarcar al Model X. El Tesla Model 3 es un sedán compacto (cuenta con unas dimensiones de 4,7 metros de largo) con cinco plazas, 100% eléctrico, que pretende rivalizar con berlinas premium tradicionales como el BMW Serie 3 o el Audi A4. Al igual que el resto de modelos de la gama Tesla, será un coche tecnológicamente muy avanzado, puesto que traerá de serie el hardware con funcionalidad de conducción autónoma y la capacidad de recarga rápida.

Pese a presentar un modelo de pre-producción, la respuesta inicial al diseño ha sido abrumadora. Elon Musk, desde el escenario al final de la presentación, anunciaba que ya se habían reservado más de 115.000 unidades de manera anticipada. Horas más tarde, el número de reservas aumentaba a 133.000 personas, de tal manera que se reservaba una unidad por segundo. Esto se traduce en que Tesla embolsaba cerca de 130 millones de dólares en pedidos en un solo día. Como ya se sabía antes de la inauguración, el interés en este coche es realmente alto . La producción del Tesla Model 3 comenzará en 2017.

Estéticamente no supone ninguna revolución, puesto que sigue el estilo de la marca. Al ser un modelo de pre-producción, parece que seguirá las directrices de la firma ofreciendo algún guiño estético y peculiar. Si el Tesla Model S equipa unos preciosos tiradores retráctiles, y el Tesla Model X cuenta con puertas traseras de apertura tipo Alas de Gaviota, el Tesla Model 3 podría contar con un sistema de apertura de puertas estilo suicida. Según las primeras imágenes ofrecidas por el fabricante, el frontal estará basado en el Model X, donde el minimalismo y las cuidadas líneas son totalmente protagonistas. En el interior, cinco adultos podrán viajar con total comodidad ya que, Tesla ha concentrado el panel de instrumentación y desplazado hacia delante los asientos delanteros para ofrecer un amplio espacio para los ocupantes de las plazas traseras. Para dar la sensación de ligereza en la cabina, y también para ganar espacio libre adicional, se confirma que el Tesla Model 3 equipará un techo panorámico de cristal.  La impresionante pantalla táctil vertical del Tesla Model S y X se ha transformado en una pantalla horizontal que domina el tablero de instrumentos en el Tesla Model 3. Detalles sobre qué opciones estarán disponibles y cuánto van a costar quedan, por el momento, en incógnita.

El prototipo presentado cuenta con una configuración de dos motores DualDrive. De esta manera, el Tesla Model 3 estará disponible con propulsión trasera (RWD) que, dependiendo de las exigencias y el tipo de conducción, puede pasar a una configuración de tracción integral (AWD). Si está confirmado que el Tesla Model 3 ofrecerá una autonomía, según el ciclo estadounidense, de 346 kilómetros con una única recarga.  Así mismo, con una calificación de cinco estrellas en todos las pruebas en materia de seguridad, el Tesla Model 3 será el vehículo más seguro en su clase.'),
(41, 'Porsche', 0, 0 ,'LJCPCBLCX1100237', 'Deportivo', 2, 60378, 350, 'Gasolina', '718 Boxster', 5, NULL, NULL, '/delux/Lib/img/coches/Porsche/718Boxster/porsche-718_boxster_2017_c01', 11, 'Porsche se renueva. Los de Stuttgart cambian el nombre a Cayman y Boxster, que a partir de 2016, adoptan la designación 718. Detrás de este cambio hay un hecho histórico: la victoria del Porsche 718 RSK en las 24 Horas de Le Mans de 1958. El 718 Boxster marca el retorno de Porsche a los motores bóxer de cuatro cilindros. El Porsche 718 Boxster se ofrece en dos versiones, una de dos litros y otra de dos litros y medio. Esta última es la que luce la S en su nombre y aumenta la potencia hasta 350 CV (300 CV para el 718 Boxster a secas). Los nuevos Porsche 718 Boxster aceleran todavía más rápido. El 718 Boxster, equipado con la caja de cambios PDK y el Paquete Sport Chrono, pasa de 0 a 100 km/h en 4,7 segundos (0,8 segundos menos que su antecesor). El 718 Boxster S con ese mismo equipamiento hace el 0-100 km/h en 4,2 segundos (0,6 segundos más rápido que el modelo al que sucede). La velocidad máxima del 718 Boxster es de 275 km/h y la del 718 Boxster S de 285 km/h. Pero que nadie piense que esta mejora de las prestaciones lastra el consumo porque la realidad es a la inversa. El conjunto formado por el motor de cuatro cilindros y la transmisión PDK hacen que el 718 Boxster obtenga un consumo medio de 6,9 l/100 km (un litro menos que el modelo precedente); mientras que el 718 Boxster S gasta 7,3 l/100 km (0,9 l/100 km menos que antes).

Menos la capota, el maletero y el parabrisas todo es nuevo en los Boxster de nueva generación. El diseño es ahora más afilado y ancho. Visto por delante destacan las entradas de aire como seña de identidad del motor turbo y los faros bixenón con luces de LED integradas (como opción las luces diurnas se pueden pedir de cuatro puntos). Visto de lado, el nuevo deportivo se distingue por sus prominenentes aletas y los faldones, así como por el detalle de las manillas de las puertas integradas en la carrocería y las llantas de 19 pulgadas (de 20 pulgadas en opción). Una vez dentro del Porsche 718 Boxster, el conductor aprecia la incorporación de nuevas funciones al cuadro de mandos. Lo mismo que el sistema Porsche Communication Management (PCM), preparado para acoplar el teléfono móvil, interfaz de audio y con Paquete de Sonido Plus, que permite una potencia de audio de 110 vatios.

Porsche promete que los nuevos 718 Boxster son ágiles y fáciles de conducir tanto en carretera como en circuito. Para ello, ha sometido al chasis a una profunda revisión que mejora su comportamiento en curvas, mientras que la dirección electromecánica es ahora un 10% más directa. Mención aparte merece el sistema de suspensión Porsche Active Suspension Management (PASM) que, con 10 milímetros menos de altura libre al suelo, se ofrece como opción. También como extra, se puede solicitar por primera vez para el Porsche 718 Boxster S el chasis deportivo PASM con la altura al suelo reducida en 20 milímetros.'),
(42, 'Porsche', 0, 0 ,'LJCPCBLCX1100237', 'Deportivo', 2, 58140, 350, 'Gasolina', '718 Cayman', 5, NULL, NULL, '/delux/Lib/img/coches/Porsche/718Cayman/porsche-718_cayman-2017-c01', 11, 'Tras la llegada del Porsche 718 Boxster llega el turno del Porsche 718 Cayman, la versión coupé de la gama 718. Al igual que su hermano descapotable, llega con numerosas novedades estéticas, mecánicas y de equipamiento, así como un precio inferior al de la variante roadster. En primer caso, el frontal luce ahora más afilado e incorpora unas voluminosas entradas de aire, presentes también en el lateral. Gracias a esto, el aspecto general es más voluminoso. Incorpora también unas ópticas adicionales, situadas sobre las entradas de ventilación y el diseño de los faros también sufre cambios. Los faros con tecnología LED y luces diurnas de cuatro puntos están disponibles en el catálogo de opciones disponibles. La parte trasera del Porsche 718 Cayman también cambia con la incorporación de una banda de color negro y las letras Porsche que identifican al modelo incorporadas entre las dos ópticas. En el interior, cabe destacar la presencia de un nuevo volante deportivo con el diseño del Porsche 918 Spyder y un nuevo salpicadero con las salidas de ventilación renovadas.

Respecto a las motorizaciones, el 718 Cayman cuenta por primera vez con propulsores bóxer de cuatro cilindros sobrealimentados, disponibles en dos opciones: un 2.0 bóxer de 300CV para el 718 Cayman y un 2.5 bóxer de 350CV para el 718 Cayman S. Esto supone un aumento de 25 caballos en comparación con los modelos anteriores y el consumo medio de combustible (según el ciclo homologado NEDC) va desde los cinco hasta los ocho litros por cada cien kilómetros recorridos. El sistema de entretenimiento y el de navegación han sido actualizados y también forman parte del equipamiento estándar la instalación para teléfono móvil, la interfaz de audio y el pack de sonido plus de 150 vatios. Así mismo, existen otras opciones para ampliar el PCM (Porsche Communication Management), que ahora se ofrece de serie en el Porsche 718 Cayman.'),
(43, 'Porsche', 0, 0 ,'LJCPCBLCX1100237', 'Deportivo', 2, 107654, 340, 'Gasolina', '911', 5, NULL, NULL, '/delux/Lib/img/coches/Porsche/911/porsche-911_carrera_2013_01', 11, 'La séptima generación del 911 (código 991) es la nueva interpretación de los alemanes de su excelente deportivo. Si la anterior generación ya era casi perfecta en casi todos los apartados, la nueva te deja sin aliento. El 911 ha cumplido ya 50 años, y es el exponente de una estirpe de deportivos con una configuración mecánica, digamos, extraña. Hoy en día no quedan coches con el motor descolgado por detrás del eje trasero, aunque hubo una época en la que era habitual. En lo que se refiere a mecánica, el Porsche 911 cuenta con tres variantes de tracción trasera: Carrera con 349 CV, Carrera S con 400 CV y GT3 con 475 CV. A estos, hay que añadir las cuatro variante de tracción total: Carrera 4 con 349 CV, Carrera 4S con 400 CV, Turbo con 520 CV y Turbo S con 560 CV. Algunas de estas versiones están disponibles con carrocería descapotable. Por otro lado, los amantes de las cajas de cambio manuales están de enhorabuena, ya que incorpora una transmisión de siete velocidades. Por supuesto, la excelente caja de cambios de doble embrague PDK también está disponible y de serie en la versiones GT3, Turbo y Turbo S. El Porsche 911, recibirá un restyling a finales de este mismo año. Lo que parece evidente es que recibirá nuevos faros, paragolpes rediseñados, nuevos pilotos traseros y llantas. Los típicos cambios que sufren los coches a mitad de su vida comercial.

El Porsche 911 Cabrio con el Carrera y el Carrera S Cabrio cuenta con el mismo motor que sus equivalentes de techo duro. Ambos modelos pueden ir equipados opcionalmente con una transmisión de doble embrague y siete velocidades Porsche (PDK). Esta versión Cabrio del Porsche 911 incorpora una nueva carrocería de aluminio y acero y presenta una exclusiva capota que mantiene la línea del 911. El diseño garantiza menos peso, más deportividad y menos consumo. El 911 Targa está basado en el 911 Cabrio, tiene ese algo especial que recuerda a los primeros Targa, con un pilar B inconfundible. La operación para hacer desaparecer el techo sobre la cabeza es sencillo y no tarda mucho. En 19 segundos el techo de lona se esconde justo detrás de los asientos traseros y para ello, la gran luneta trasera, hecha de una única pieza, se levanta e inclina hacia atrás. Al igual que el legendario Targa original, el nuevo modelo dispone del característico arco ancho en lugar de los pilares B, una sección de techo móvil sobre los asientos delanteros y una luneta trasera envolvente sin pilar C. 

En pleno 50 aniversario del 911, hace su aparición el Porsche 911 GT3 y su versión de competición, el Porsche 911 GT3 Cup. El GT3 de calle se trata también de una versión de enfoque circuitero y que, en su quinta generación, llega con un desarrollo totalmente nuevo. Como es costumbre no recurre a la sobrealimentación, sino a un motor atmosférico. Se trata de un bóxer de 3,8 litros y 475 CV. El propulsor de seis cilindros está basado en el del Porsche 911 Carrera S, aunque solo comparte algunas piezas. Muchos componentes, entre ellos el cigüeñal y el sistema de mando de válvulas, se han adaptado a las circunstancias. También las bielas, que son de titanio, y los pistones forjados, se han creado en exclusiva para esta versión. Todas estas modificaciones van encaminadas a soportar regímenes de giro cercanos a las 9.000 rpm. Se trata de un motor muy puntiagudo, que deriva la potencia al eje trasero a través de la transmisión automática de doble embrague PDK, de siete relaciones y especialmente adaptada para el Porsche 911 GT3. Por primera vez Porsche utiliza un sistema de dirección activo en el eje trasero, de manera que se pueda conseguir una precisión y un dinamismo lateral aún mayores. Dependiendo de la velocidad, giran en la misma dirección o en la opuesta a las ruedas delanteras, con el objetivo de mejorar el paso por curva. También son novedad los soportes dinámicos del motor y el diferencial autoblocante electrónico. En cuanto al chasis, fabricado en una aleación ligera, permite regular las alturas, caídas y convergencias. El Porsche 911 GT3 toma como base la carrocería ligera de la actual generación del 911 Carrera, construida en una mezcla de acero y aluminio. Sin embargo, incorpora piezas independientes delante y detrás. Los elementos distintivos son las llantas monotuerca de 20 pulgadas, el gran alerón trasero fijo -mejora la aerodinámica de forma notable- o las ópticas de LED opcionales. También se reconoce al primer golpe de vista por su trasera más ancha.'),
(44, 'Porsche', 0, 0 ,'LJCPCBLCX1100237', 'Deportivo', 2, 122036, 420, 'Gasolina', '911 Cabriolet', 5, NULL, NULL, '/delux/Lib/img/coches/Porsche/911/porsche-911_cabriolet_2013_01', 11, 'La séptima generación del 911 (código 991) es la nueva interpretación de los alemanes de su excelente deportivo. Si la anterior generación ya era casi perfecta en casi todos los apartados, la nueva te deja sin aliento. El 911 ha cumplido ya 50 años, y es el exponente de una estirpe de deportivos con una configuración mecánica, digamos, extraña. Hoy en día no quedan coches con el motor descolgado por detrás del eje trasero, aunque hubo una época en la que era habitual. En lo que se refiere a mecánica, el Porsche 911 cuenta con tres variantes de tracción trasera: Carrera con 349 CV, Carrera S con 400 CV y GT3 con 475 CV. A estos, hay que añadir las cuatro variante de tracción total: Carrera 4 con 349 CV, Carrera 4S con 400 CV, Turbo con 520 CV y Turbo S con 560 CV. Algunas de estas versiones están disponibles con carrocería descapotable. Por otro lado, los amantes de las cajas de cambio manuales están de enhorabuena, ya que incorpora una transmisión de siete velocidades. Por supuesto, la excelente caja de cambios de doble embrague PDK también está disponible y de serie en la versiones GT3, Turbo y Turbo S. El Porsche 911, recibirá un restyling a finales de este mismo año. Lo que parece evidente es que recibirá nuevos faros, paragolpes rediseñados, nuevos pilotos traseros y llantas. Los típicos cambios que sufren los coches a mitad de su vida comercial.

El Porsche 911 Cabrio con el Carrera y el Carrera S Cabrio cuenta con el mismo motor que sus equivalentes de techo duro. Ambos modelos pueden ir equipados opcionalmente con una transmisión de doble embrague y siete velocidades Porsche (PDK). Esta versión Cabrio del Porsche 911 incorpora una nueva carrocería de aluminio y acero y presenta una exclusiva capota que mantiene la línea del 911. El diseño garantiza menos peso, más deportividad y menos consumo. El 911 Targa está basado en el 911 Cabrio, tiene ese algo especial que recuerda a los primeros Targa, con un pilar B inconfundible. La operación para hacer desaparecer el techo sobre la cabeza es sencillo y no tarda mucho. En 19 segundos el techo de lona se esconde justo detrás de los asientos traseros y para ello, la gran luneta trasera, hecha de una única pieza, se levanta e inclina hacia atrás. Al igual que el legendario Targa original, el nuevo modelo dispone del característico arco ancho en lugar de los pilares B, una sección de techo móvil sobre los asientos delanteros y una luneta trasera envolvente sin pilar C. 

En pleno 50 aniversario del 911, hace su aparición el Porsche 911 GT3 y su versión de competición, el Porsche 911 GT3 Cup. El GT3 de calle se trata también de una versión de enfoque circuitero y que, en su quinta generación, llega con un desarrollo totalmente nuevo. Como es costumbre no recurre a la sobrealimentación, sino a un motor atmosférico. Se trata de un bóxer de 3,8 litros y 475 CV. El propulsor de seis cilindros está basado en el del Porsche 911 Carrera S, aunque solo comparte algunas piezas. Muchos componentes, entre ellos el cigüeñal y el sistema de mando de válvulas, se han adaptado a las circunstancias. También las bielas, que son de titanio, y los pistones forjados, se han creado en exclusiva para esta versión. Todas estas modificaciones van encaminadas a soportar regímenes de giro cercanos a las 9.000 rpm. Se trata de un motor muy puntiagudo, que deriva la potencia al eje trasero a través de la transmisión automática de doble embrague PDK, de siete relaciones y especialmente adaptada para el Porsche 911 GT3. Por primera vez Porsche utiliza un sistema de dirección activo en el eje trasero, de manera que se pueda conseguir una precisión y un dinamismo lateral aún mayores. Dependiendo de la velocidad, giran en la misma dirección o en la opuesta a las ruedas delanteras, con el objetivo de mejorar el paso por curva. También son novedad los soportes dinámicos del motor y el diferencial autoblocante electrónico. En cuanto al chasis, fabricado en una aleación ligera, permite regular las alturas, caídas y convergencias. El Porsche 911 GT3 toma como base la carrocería ligera de la actual generación del 911 Carrera, construida en una mezcla de acero y aluminio. Sin embargo, incorpora piezas independientes delante y detrás. Los elementos distintivos son las llantas monotuerca de 20 pulgadas, el gran alerón trasero fijo -mejora la aerodinámica de forma notable- o las ópticas de LED opcionales. También se reconoce al primer golpe de vista por su trasera más ancha.'),
(45, 'Porsche', 0, 0 ,'LJCPCBLCX1100237', 'Deportivo', 2, 200822, 580, 'Gasolina', '911 Turbo', 5, NULL, NULL, '/delux/Lib/img/coches/Porsche/911/porsche-911_turbo_s_2014_c01', 11, 'La séptima generación del 911 (código 991) es la nueva interpretación de los alemanes de su excelente deportivo. Si la anterior generación ya era casi perfecta en casi todos los apartados, la nueva te deja sin aliento. El 911 ha cumplido ya 50 años, y es el exponente de una estirpe de deportivos con una configuración mecánica, digamos, extraña. Hoy en día no quedan coches con el motor descolgado por detrás del eje trasero, aunque hubo una época en la que era habitual. En lo que se refiere a mecánica, el Porsche 911 cuenta con tres variantes de tracción trasera: Carrera con 349 CV, Carrera S con 400 CV y GT3 con 475 CV. A estos, hay que añadir las cuatro variante de tracción total: Carrera 4 con 349 CV, Carrera 4S con 400 CV, Turbo con 520 CV y Turbo S con 560 CV. Algunas de estas versiones están disponibles con carrocería descapotable. Por otro lado, los amantes de las cajas de cambio manuales están de enhorabuena, ya que incorpora una transmisión de siete velocidades. Por supuesto, la excelente caja de cambios de doble embrague PDK también está disponible y de serie en la versiones GT3, Turbo y Turbo S. El Porsche 911, recibirá un restyling a finales de este mismo año. Lo que parece evidente es que recibirá nuevos faros, paragolpes rediseñados, nuevos pilotos traseros y llantas. Los típicos cambios que sufren los coches a mitad de su vida comercial.

El Porsche 911 Cabrio con el Carrera y el Carrera S Cabrio cuenta con el mismo motor que sus equivalentes de techo duro. Ambos modelos pueden ir equipados opcionalmente con una transmisión de doble embrague y siete velocidades Porsche (PDK). Esta versión Cabrio del Porsche 911 incorpora una nueva carrocería de aluminio y acero y presenta una exclusiva capota que mantiene la línea del 911. El diseño garantiza menos peso, más deportividad y menos consumo. El 911 Targa está basado en el 911 Cabrio, tiene ese algo especial que recuerda a los primeros Targa, con un pilar B inconfundible. La operación para hacer desaparecer el techo sobre la cabeza es sencillo y no tarda mucho. En 19 segundos el techo de lona se esconde justo detrás de los asientos traseros y para ello, la gran luneta trasera, hecha de una única pieza, se levanta e inclina hacia atrás. Al igual que el legendario Targa original, el nuevo modelo dispone del característico arco ancho en lugar de los pilares B, una sección de techo móvil sobre los asientos delanteros y una luneta trasera envolvente sin pilar C. 

En pleno 50 aniversario del 911, hace su aparición el Porsche 911 GT3 y su versión de competición, el Porsche 911 GT3 Cup. El GT3 de calle se trata también de una versión de enfoque circuitero y que, en su quinta generación, llega con un desarrollo totalmente nuevo. Como es costumbre no recurre a la sobrealimentación, sino a un motor atmosférico. Se trata de un bóxer de 3,8 litros y 475 CV. El propulsor de seis cilindros está basado en el del Porsche 911 Carrera S, aunque solo comparte algunas piezas. Muchos componentes, entre ellos el cigüeñal y el sistema de mando de válvulas, se han adaptado a las circunstancias. También las bielas, que son de titanio, y los pistones forjados, se han creado en exclusiva para esta versión. Todas estas modificaciones van encaminadas a soportar regímenes de giro cercanos a las 9.000 rpm. Se trata de un motor muy puntiagudo, que deriva la potencia al eje trasero a través de la transmisión automática de doble embrague PDK, de siete relaciones y especialmente adaptada para el Porsche 911 GT3. Por primera vez Porsche utiliza un sistema de dirección activo en el eje trasero, de manera que se pueda conseguir una precisión y un dinamismo lateral aún mayores. Dependiendo de la velocidad, giran en la misma dirección o en la opuesta a las ruedas delanteras, con el objetivo de mejorar el paso por curva. También son novedad los soportes dinámicos del motor y el diferencial autoblocante electrónico. En cuanto al chasis, fabricado en una aleación ligera, permite regular las alturas, caídas y convergencias. El Porsche 911 GT3 toma como base la carrocería ligera de la actual generación del 911 Carrera, construida en una mezcla de acero y aluminio. Sin embargo, incorpora piezas independientes delante y detrás. Los elementos distintivos son las llantas monotuerca de 20 pulgadas, el gran alerón trasero fijo -mejora la aerodinámica de forma notable- o las ópticas de LED opcionales. También se reconoce al primer golpe de vista por su trasera más ancha.'),
(46, 'Porsche', 0, 0 ,'LJCPCBLCX1100237', 'Deportivo', 2, 215754, 580, 'Gasolina', '911 Turbo Cabriolet', 5, NULL, NULL, '/delux/Lib/img/coches/Porsche/911/porsche-911_turbo_cabriolet_2014_c01', 11, 'La séptima generación del 911 (código 991) es la nueva interpretación de los alemanes de su excelente deportivo. Si la anterior generación ya era casi perfecta en casi todos los apartados, la nueva te deja sin aliento. El 911 ha cumplido ya 50 años, y es el exponente de una estirpe de deportivos con una configuración mecánica, digamos, extraña. Hoy en día no quedan coches con el motor descolgado por detrás del eje trasero, aunque hubo una época en la que era habitual. En lo que se refiere a mecánica, el Porsche 911 cuenta con tres variantes de tracción trasera: Carrera con 349 CV, Carrera S con 400 CV y GT3 con 475 CV. A estos, hay que añadir las cuatro variante de tracción total: Carrera 4 con 349 CV, Carrera 4S con 400 CV, Turbo con 520 CV y Turbo S con 560 CV. Algunas de estas versiones están disponibles con carrocería descapotable. Por otro lado, los amantes de las cajas de cambio manuales están de enhorabuena, ya que incorpora una transmisión de siete velocidades. Por supuesto, la excelente caja de cambios de doble embrague PDK también está disponible y de serie en la versiones GT3, Turbo y Turbo S. El Porsche 911, recibirá un restyling a finales de este mismo año. Lo que parece evidente es que recibirá nuevos faros, paragolpes rediseñados, nuevos pilotos traseros y llantas. Los típicos cambios que sufren los coches a mitad de su vida comercial.

El Porsche 911 Cabrio con el Carrera y el Carrera S Cabrio cuenta con el mismo motor que sus equivalentes de techo duro. Ambos modelos pueden ir equipados opcionalmente con una transmisión de doble embrague y siete velocidades Porsche (PDK). Esta versión Cabrio del Porsche 911 incorpora una nueva carrocería de aluminio y acero y presenta una exclusiva capota que mantiene la línea del 911. El diseño garantiza menos peso, más deportividad y menos consumo. El 911 Targa está basado en el 911 Cabrio, tiene ese algo especial que recuerda a los primeros Targa, con un pilar B inconfundible. La operación para hacer desaparecer el techo sobre la cabeza es sencillo y no tarda mucho. En 19 segundos el techo de lona se esconde justo detrás de los asientos traseros y para ello, la gran luneta trasera, hecha de una única pieza, se levanta e inclina hacia atrás. Al igual que el legendario Targa original, el nuevo modelo dispone del característico arco ancho en lugar de los pilares B, una sección de techo móvil sobre los asientos delanteros y una luneta trasera envolvente sin pilar C. 

En pleno 50 aniversario del 911, hace su aparición el Porsche 911 GT3 y su versión de competición, el Porsche 911 GT3 Cup. El GT3 de calle se trata también de una versión de enfoque circuitero y que, en su quinta generación, llega con un desarrollo totalmente nuevo. Como es costumbre no recurre a la sobrealimentación, sino a un motor atmosférico. Se trata de un bóxer de 3,8 litros y 475 CV. El propulsor de seis cilindros está basado en el del Porsche 911 Carrera S, aunque solo comparte algunas piezas. Muchos componentes, entre ellos el cigüeñal y el sistema de mando de válvulas, se han adaptado a las circunstancias. También las bielas, que son de titanio, y los pistones forjados, se han creado en exclusiva para esta versión. Todas estas modificaciones van encaminadas a soportar regímenes de giro cercanos a las 9.000 rpm. Se trata de un motor muy puntiagudo, que deriva la potencia al eje trasero a través de la transmisión automática de doble embrague PDK, de siete relaciones y especialmente adaptada para el Porsche 911 GT3. Por primera vez Porsche utiliza un sistema de dirección activo en el eje trasero, de manera que se pueda conseguir una precisión y un dinamismo lateral aún mayores. Dependiendo de la velocidad, giran en la misma dirección o en la opuesta a las ruedas delanteras, con el objetivo de mejorar el paso por curva. También son novedad los soportes dinámicos del motor y el diferencial autoblocante electrónico. En cuanto al chasis, fabricado en una aleación ligera, permite regular las alturas, caídas y convergencias. El Porsche 911 GT3 toma como base la carrocería ligera de la actual generación del 911 Carrera, construida en una mezcla de acero y aluminio. Sin embargo, incorpora piezas independientes delante y detrás. Los elementos distintivos son las llantas monotuerca de 20 pulgadas, el gran alerón trasero fijo -mejora la aerodinámica de forma notable- o las ópticas de LED opcionales. También se reconoce al primer golpe de vista por su trasera más ancha.'),
(47, 'Porsche', 0, 0 ,'LJCPCBLCX1100237', 'Deportivo', 2, 154874, 500, 'Gasolina', '911 GT3', 5, NULL, NULL, '/delux/Lib/img/coches/Porsche/911/porsche-911_gt3_2014_c01', 11, 'La séptima generación del 911 (código 991) es la nueva interpretación de los alemanes de su excelente deportivo. Si la anterior generación ya era casi perfecta en casi todos los apartados, la nueva te deja sin aliento. El 911 ha cumplido ya 50 años, y es el exponente de una estirpe de deportivos con una configuración mecánica, digamos, extraña. Hoy en día no quedan coches con el motor descolgado por detrás del eje trasero, aunque hubo una época en la que era habitual. En lo que se refiere a mecánica, el Porsche 911 cuenta con tres variantes de tracción trasera: Carrera con 349 CV, Carrera S con 400 CV y GT3 con 475 CV. A estos, hay que añadir las cuatro variante de tracción total: Carrera 4 con 349 CV, Carrera 4S con 400 CV, Turbo con 520 CV y Turbo S con 560 CV. Algunas de estas versiones están disponibles con carrocería descapotable. Por otro lado, los amantes de las cajas de cambio manuales están de enhorabuena, ya que incorpora una transmisión de siete velocidades. Por supuesto, la excelente caja de cambios de doble embrague PDK también está disponible y de serie en la versiones GT3, Turbo y Turbo S. El Porsche 911, recibirá un restyling a finales de este mismo año. Lo que parece evidente es que recibirá nuevos faros, paragolpes rediseñados, nuevos pilotos traseros y llantas. Los típicos cambios que sufren los coches a mitad de su vida comercial.

El Porsche 911 Cabrio con el Carrera y el Carrera S Cabrio cuenta con el mismo motor que sus equivalentes de techo duro. Ambos modelos pueden ir equipados opcionalmente con una transmisión de doble embrague y siete velocidades Porsche (PDK). Esta versión Cabrio del Porsche 911 incorpora una nueva carrocería de aluminio y acero y presenta una exclusiva capota que mantiene la línea del 911. El diseño garantiza menos peso, más deportividad y menos consumo. El 911 Targa está basado en el 911 Cabrio, tiene ese algo especial que recuerda a los primeros Targa, con un pilar B inconfundible. La operación para hacer desaparecer el techo sobre la cabeza es sencillo y no tarda mucho. En 19 segundos el techo de lona se esconde justo detrás de los asientos traseros y para ello, la gran luneta trasera, hecha de una única pieza, se levanta e inclina hacia atrás. Al igual que el legendario Targa original, el nuevo modelo dispone del característico arco ancho en lugar de los pilares B, una sección de techo móvil sobre los asientos delanteros y una luneta trasera envolvente sin pilar C. 

En pleno 50 aniversario del 911, hace su aparición el Porsche 911 GT3 y su versión de competición, el Porsche 911 GT3 Cup. El GT3 de calle se trata también de una versión de enfoque circuitero y que, en su quinta generación, llega con un desarrollo totalmente nuevo. Como es costumbre no recurre a la sobrealimentación, sino a un motor atmosférico. Se trata de un bóxer de 3,8 litros y 475 CV. El propulsor de seis cilindros está basado en el del Porsche 911 Carrera S, aunque solo comparte algunas piezas. Muchos componentes, entre ellos el cigüeñal y el sistema de mando de válvulas, se han adaptado a las circunstancias. También las bielas, que son de titanio, y los pistones forjados, se han creado en exclusiva para esta versión. Todas estas modificaciones van encaminadas a soportar regímenes de giro cercanos a las 9.000 rpm. Se trata de un motor muy puntiagudo, que deriva la potencia al eje trasero a través de la transmisión automática de doble embrague PDK, de siete relaciones y especialmente adaptada para el Porsche 911 GT3. Por primera vez Porsche utiliza un sistema de dirección activo en el eje trasero, de manera que se pueda conseguir una precisión y un dinamismo lateral aún mayores. Dependiendo de la velocidad, giran en la misma dirección o en la opuesta a las ruedas delanteras, con el objetivo de mejorar el paso por curva. También son novedad los soportes dinámicos del motor y el diferencial autoblocante electrónico. En cuanto al chasis, fabricado en una aleación ligera, permite regular las alturas, caídas y convergencias. El Porsche 911 GT3 toma como base la carrocería ligera de la actual generación del 911 Carrera, construida en una mezcla de acero y aluminio. Sin embargo, incorpora piezas independientes delante y detrás. Los elementos distintivos son las llantas monotuerca de 20 pulgadas, el gran alerón trasero fijo -mejora la aerodinámica de forma notable- o las ópticas de LED opcionales. También se reconoce al primer golpe de vista por su trasera más ancha.'),
(48, 'Porsche', 0, 0 ,'LJCPCBLCX1100237', 'Deportivo', 2, 135119, 420, 'Gasolina', '911 Targa', 5, NULL, NULL, '/delux/Lib/img/coches/Porsche/911/porsche-911_targa_2015_01', 11, 'La séptima generación del 911 (código 991) es la nueva interpretación de los alemanes de su excelente deportivo. Si la anterior generación ya era casi perfecta en casi todos los apartados, la nueva te deja sin aliento. El 911 ha cumplido ya 50 años, y es el exponente de una estirpe de deportivos con una configuración mecánica, digamos, extraña. Hoy en día no quedan coches con el motor descolgado por detrás del eje trasero, aunque hubo una época en la que era habitual. En lo que se refiere a mecánica, el Porsche 911 cuenta con tres variantes de tracción trasera: Carrera con 349 CV, Carrera S con 400 CV y GT3 con 475 CV. A estos, hay que añadir las cuatro variante de tracción total: Carrera 4 con 349 CV, Carrera 4S con 400 CV, Turbo con 520 CV y Turbo S con 560 CV. Algunas de estas versiones están disponibles con carrocería descapotable. Por otro lado, los amantes de las cajas de cambio manuales están de enhorabuena, ya que incorpora una transmisión de siete velocidades. Por supuesto, la excelente caja de cambios de doble embrague PDK también está disponible y de serie en la versiones GT3, Turbo y Turbo S. El Porsche 911, recibirá un restyling a finales de este mismo año. Lo que parece evidente es que recibirá nuevos faros, paragolpes rediseñados, nuevos pilotos traseros y llantas. Los típicos cambios que sufren los coches a mitad de su vida comercial.

El Porsche 911 Cabrio con el Carrera y el Carrera S Cabrio cuenta con el mismo motor que sus equivalentes de techo duro. Ambos modelos pueden ir equipados opcionalmente con una transmisión de doble embrague y siete velocidades Porsche (PDK). Esta versión Cabrio del Porsche 911 incorpora una nueva carrocería de aluminio y acero y presenta una exclusiva capota que mantiene la línea del 911. El diseño garantiza menos peso, más deportividad y menos consumo. El 911 Targa está basado en el 911 Cabrio, tiene ese algo especial que recuerda a los primeros Targa, con un pilar B inconfundible. La operación para hacer desaparecer el techo sobre la cabeza es sencillo y no tarda mucho. En 19 segundos el techo de lona se esconde justo detrás de los asientos traseros y para ello, la gran luneta trasera, hecha de una única pieza, se levanta e inclina hacia atrás. Al igual que el legendario Targa original, el nuevo modelo dispone del característico arco ancho en lugar de los pilares B, una sección de techo móvil sobre los asientos delanteros y una luneta trasera envolvente sin pilar C. 

En pleno 50 aniversario del 911, hace su aparición el Porsche 911 GT3 y su versión de competición, el Porsche 911 GT3 Cup. El GT3 de calle se trata también de una versión de enfoque circuitero y que, en su quinta generación, llega con un desarrollo totalmente nuevo. Como es costumbre no recurre a la sobrealimentación, sino a un motor atmosférico. Se trata de un bóxer de 3,8 litros y 475 CV. El propulsor de seis cilindros está basado en el del Porsche 911 Carrera S, aunque solo comparte algunas piezas. Muchos componentes, entre ellos el cigüeñal y el sistema de mando de válvulas, se han adaptado a las circunstancias. También las bielas, que son de titanio, y los pistones forjados, se han creado en exclusiva para esta versión. Todas estas modificaciones van encaminadas a soportar regímenes de giro cercanos a las 9.000 rpm. Se trata de un motor muy puntiagudo, que deriva la potencia al eje trasero a través de la transmisión automática de doble embrague PDK, de siete relaciones y especialmente adaptada para el Porsche 911 GT3. Por primera vez Porsche utiliza un sistema de dirección activo en el eje trasero, de manera que se pueda conseguir una precisión y un dinamismo lateral aún mayores. Dependiendo de la velocidad, giran en la misma dirección o en la opuesta a las ruedas delanteras, con el objetivo de mejorar el paso por curva. También son novedad los soportes dinámicos del motor y el diferencial autoblocante electrónico. En cuanto al chasis, fabricado en una aleación ligera, permite regular las alturas, caídas y convergencias. El Porsche 911 GT3 toma como base la carrocería ligera de la actual generación del 911 Carrera, construida en una mezcla de acero y aluminio. Sin embargo, incorpora piezas independientes delante y detrás. Los elementos distintivos son las llantas monotuerca de 20 pulgadas, el gran alerón trasero fijo -mejora la aerodinámica de forma notable- o las ópticas de LED opcionales. También se reconoce al primer golpe de vista por su trasera más ancha.'),
(49, 'Porsche', 0, 0 ,'LJCPCBLCX1100237', 'Deportivo', 2, 217468, 500, 'Gasolina', '911 R', 5, NULL, NULL, '/delux/Lib/img/coches/Porsche/911/porsche-911_r_2017_c01', 11, 'La séptima generación del 911 (código 991) es la nueva interpretación de los alemanes de su excelente deportivo. Si la anterior generación ya era casi perfecta en casi todos los apartados, la nueva te deja sin aliento. El 911 ha cumplido ya 50 años, y es el exponente de una estirpe de deportivos con una configuración mecánica, digamos, extraña. Hoy en día no quedan coches con el motor descolgado por detrás del eje trasero, aunque hubo una época en la que era habitual. En lo que se refiere a mecánica, el Porsche 911 cuenta con tres variantes de tracción trasera: Carrera con 349 CV, Carrera S con 400 CV y GT3 con 475 CV. A estos, hay que añadir las cuatro variante de tracción total: Carrera 4 con 349 CV, Carrera 4S con 400 CV, Turbo con 520 CV y Turbo S con 560 CV. Algunas de estas versiones están disponibles con carrocería descapotable. Por otro lado, los amantes de las cajas de cambio manuales están de enhorabuena, ya que incorpora una transmisión de siete velocidades. Por supuesto, la excelente caja de cambios de doble embrague PDK también está disponible y de serie en la versiones GT3, Turbo y Turbo S. El Porsche 911, recibirá un restyling a finales de este mismo año. Lo que parece evidente es que recibirá nuevos faros, paragolpes rediseñados, nuevos pilotos traseros y llantas. Los típicos cambios que sufren los coches a mitad de su vida comercial.

El Porsche 911 Cabrio con el Carrera y el Carrera S Cabrio cuenta con el mismo motor que sus equivalentes de techo duro. Ambos modelos pueden ir equipados opcionalmente con una transmisión de doble embrague y siete velocidades Porsche (PDK). Esta versión Cabrio del Porsche 911 incorpora una nueva carrocería de aluminio y acero y presenta una exclusiva capota que mantiene la línea del 911. El diseño garantiza menos peso, más deportividad y menos consumo. El 911 Targa está basado en el 911 Cabrio, tiene ese algo especial que recuerda a los primeros Targa, con un pilar B inconfundible. La operación para hacer desaparecer el techo sobre la cabeza es sencillo y no tarda mucho. En 19 segundos el techo de lona se esconde justo detrás de los asientos traseros y para ello, la gran luneta trasera, hecha de una única pieza, se levanta e inclina hacia atrás. Al igual que el legendario Targa original, el nuevo modelo dispone del característico arco ancho en lugar de los pilares B, una sección de techo móvil sobre los asientos delanteros y una luneta trasera envolvente sin pilar C. 

En pleno 50 aniversario del 911, hace su aparición el Porsche 911 GT3 y su versión de competición, el Porsche 911 GT3 Cup. El GT3 de calle se trata también de una versión de enfoque circuitero y que, en su quinta generación, llega con un desarrollo totalmente nuevo. Como es costumbre no recurre a la sobrealimentación, sino a un motor atmosférico. Se trata de un bóxer de 3,8 litros y 475 CV. El propulsor de seis cilindros está basado en el del Porsche 911 Carrera S, aunque solo comparte algunas piezas. Muchos componentes, entre ellos el cigüeñal y el sistema de mando de válvulas, se han adaptado a las circunstancias. También las bielas, que son de titanio, y los pistones forjados, se han creado en exclusiva para esta versión. Todas estas modificaciones van encaminadas a soportar regímenes de giro cercanos a las 9.000 rpm. Se trata de un motor muy puntiagudo, que deriva la potencia al eje trasero a través de la transmisión automática de doble embrague PDK, de siete relaciones y especialmente adaptada para el Porsche 911 GT3. Por primera vez Porsche utiliza un sistema de dirección activo en el eje trasero, de manera que se pueda conseguir una precisión y un dinamismo lateral aún mayores. Dependiendo de la velocidad, giran en la misma dirección o en la opuesta a las ruedas delanteras, con el objetivo de mejorar el paso por curva. También son novedad los soportes dinámicos del motor y el diferencial autoblocante electrónico. En cuanto al chasis, fabricado en una aleación ligera, permite regular las alturas, caídas y convergencias. El Porsche 911 GT3 toma como base la carrocería ligera de la actual generación del 911 Carrera, construida en una mezcla de acero y aluminio. Sin embargo, incorpora piezas independientes delante y detrás. Los elementos distintivos son las llantas monotuerca de 20 pulgadas, el gran alerón trasero fijo -mejora la aerodinámica de forma notable- o las ópticas de LED opcionales. También se reconoce al primer golpe de vista por su trasera más ancha.'),
(50, 'Porsche', 0, 0 ,'LJCPCBLCX1100237', 'Deportivo', 5, 79197, 440, 'Diésel', 'Cayenne', 5, NULL, NULL, '/delux/Lib/img/coches/Porsche/Cayenne/porsche-cayenne_2015_c01', 11, 'La firma de Stuttgart presenta los Porsche Cayenne y Cayenne GTS, que incorporan nuevos propulsores más potentes y eficientes, así como retoques estéticos que actualizan su imagen. El Porsche Cayenne aparece como el modelo de entrada a la gama. Equipa un motor atmosférico V6 de 3,6 litros que rinde 300 CV, que mejora en 0,2 segundos los registros del modelo precedente sin variar la velocidad máxima, que queda en 230 km/h.'),
(51, 'Porsche', 0, 0 ,'LJCPCBLCX1100237', 'Deportivo', 5, 152408, 570, 'Gasolina', 'Cayenne Turbo', 5, NULL, NULL, '/delux/Lib/img/coches/Porsche/Cayenne/porsche-cayenne_hybrid_2015_c01', 11, 'La firma de Stuttgart presenta los Porsche Cayenne y Cayenne GTS, que incorporan nuevos propulsores más potentes y eficientes, así como retoques estéticos que actualizan su imagen. El Porsche Cayenne aparece como el modelo de entrada a la gama. Equipa un motor atmosférico V6 de 3,6 litros que rinde 300 CV, que mejora en 0,2 segundos los registros del modelo precedente sin variar la velocidad máxima, que queda en 230 km/h.'),
(52, 'Porsche', 0, 0 ,'LJCPCBLCX1100237', 'Deportivo', 5, 63180, 400, 'Diésel', 'Macan', 5, NULL, NULL, '/delux/Lib/img/coches/Porsche/Macan/porsche-macan_2015_c01', 11, 'El plato fuerte: el Porsche Macan Turbo. Su motor V6 biturbo de 3,6 litros y 400 CV te pega literalmente al asiento cuando se acelera a fondo. La patada es contundente, pero progresiva. Lo que está claro es que gana velocidad a una velocidad de vértigo y largas rectas, se hacen muy cortas. El nivel prestacional del motor diésel V6 de 3,0 litros con 258 CV es destacable. Su capacidad de recuperación es muy buena, por lo que no habrá problemas para realizar adelantamientos en carreteras de doble sentido. '),
(53, 'Porsche', 0, 0 ,'LJCPCBLCX1100237', 'Deportivo', 4, 126085, 440, 'Diésel', 'Panamera', 5, NULL, NULL, '/delux/Lib/img/coches/Porsche/Panamera/porsche-panamera-2017-c01', 11, 'El Porsche Panamera es lo más parecido que tiene Porsche a un jet privado. Se trata de una exclusiva berlina de cinco puertas con capacidad para cuatro pasajeros. El Porsche Panamera se actualiza ligeramente, e introduce una versión híbrida y la variante Executive con unas plazas traseras más holgadas.

 

Otra de las novedades es el nuevo motor V6 con doble turbo para la gama S y 4S. La potencia del motor V6 de los Porsche Panamera y Porsche Panamera 4 aumenta en 10 CV a 310, mientras que el consumo de ambas variantes disminuye en 0,9 litros. Por su parte, el Porsche Panamera GTS aumenta su fuerza también en 10 CV hasta los 440. Pero sin duda el estreno más destacado es el motor V6 biturbo para el Panamera S y 4S, que sustituye al anterior bloque V8 de 4,8 litros: ofrece 20 CV más de potencia (420 CV) y promete una reducción del consumo de hasta un 18%. 

 

Respecto a las transmisiones automáticas, todos, excepto el Panamera Diésel y el Panamera S E-Hybrid, se presentan con la excelente caja de cambios PDK de doble embrague. Los ingenieros de la marca alemana han mejorado su comportamiento y ampliando las siete velocidades estándar con dos marchas intermedias virtuales más que mejoran confort y el consumo. '),
(54, 'Porsche', 0, 0 ,'LJCPCBLCX1100237', 'Deportivo', 4, 176519, 550, 'Gasolina', 'Panamera Turbo', 5, NULL, NULL, '/delux/Lib/img/coches/Porsche/Panamera/porsche-panamera-4s-2017-c01', 11, 'El Porsche Panamera es lo más parecido que tiene Porsche a un jet privado. Se trata de una exclusiva berlina de cinco puertas con capacidad para cuatro pasajeros. El Porsche Panamera se actualiza ligeramente, e introduce una versión híbrida y la variante Executive con unas plazas traseras más holgadas.

 

Otra de las novedades es el nuevo motor V6 con doble turbo para la gama S y 4S. La potencia del motor V6 de los Porsche Panamera y Porsche Panamera 4 aumenta en 10 CV a 310, mientras que el consumo de ambas variantes disminuye en 0,9 litros. Por su parte, el Porsche Panamera GTS aumenta su fuerza también en 10 CV hasta los 440. Pero sin duda el estreno más destacado es el motor V6 biturbo para el Panamera S y 4S, que sustituye al anterior bloque V8 de 4,8 litros: ofrece 20 CV más de potencia (420 CV) y promete una reducción del consumo de hasta un 18%. 

 

Respecto a las transmisiones automáticas, todos, excepto el Panamera Diésel y el Panamera S E-Hybrid, se presentan con la excelente caja de cambios PDK de doble embrague. Los ingenieros de la marca alemana han mejorado su comportamiento y ampliando las siete velocidades estándar con dos marchas intermedias virtuales más que mejoran confort y el consumo. '),
(55, 'Maserati', 0, 0 ,'LJCPCBLCX1100236', 'Turismo', 4, 73736, 410, 'Diésel', 'Ghibli', 4, NULL, NULL, '/delux/Lib/img/coches/Maserati/Ghibli/maserati-ghibli_2014_01', 11, 'Las estrategias son parecidas. Da igual que sea Porsche, Jaguar o Maserati: todos aspiran a acaparar un trozo de mercado más grande. Por eso aumentan constantemente su paleta de modelos. Diésel, SUV, tracción integtral… Los clientes del segmento de lujo tienen más oferta que nunca. En Maserati ahora le sigue al Quattroporte su hermano menor, el Ghibli, destinado a competir con modelos como el Audi A7. Formas esculpidas y volúmenes definidos: el diseño del Ghibli cautiva miradas con el énfasis en la deportividad y, al igual que el primer Ghibli de 1967, conquista con su personalidad. El frontal está dominado por la típica calandra de Maserati, cuyas aletas cóncavas se inspiran en el GranTurismo y en un icono del pasado como la berlinetta A6 GCS. La gama mecánica arranca con el V6 biturbo de 3.0 litros que rinde una potencia de 330 CV. Le sigue por potencia, otro bloque V6 biturbo 3.0 con 410 CV (este motor lo equipa la versión S). Así mismo, el Maserati Ghibli puede equipar una motorización diesel V6 de 3.0 litros de cilindrada con una potencia de 275 CV. En lo que respecta al comportamiento, el uso de una suspensión delantera de paralelogramo y una suspensión trasera con sistema multibrazo de cinco brazos permite mejorar el confort y las prestaciones deportivas. Por otra parte, el nuevo cambio automático ZF de ocho relaciones se gestiona mediante un software autoadaptativo.'),
(56, 'Maserati', 0, 0 ,'LJCPCBLCX1100236', 'Turismo', 2, 156422, 460, 'Gasolina', 'Grancabrio', 4, NULL, NULL, '/delux/Lib/img/coches/Maserati/GranCabrio/maserati-grancabrio_2012_01', 11, 'Nacido a partir del GranTurismo, el Maserati GranCabrio es uno de los cabrios con mayor longitud del mercado y rivaliza con modelos de la talla del Porsche 911 Cabrio y el BMW Serie 6 Cabrio. El Maserati GranCabrio Sport alcanza un nivel superior en cuanto a prestaciones, agresividad y distinción con los acabados propios de la marca italiana pero que no son comunes en los coches de altísima gama. Las novedades en su diseño exterior se encuentran en una parrilla de color negro y unos faros del mismo color, ‘splitters’ delanteros, aletines en los laterales y llantas de 20 pulgadas. En el interior, los pedales de aluminio llaman inmediatamente la atención, lo mismo que las enormes levas de titanio situadas detrás del volante de más de un palmo. Por primera vez, podrán viajar cuatro ocupantes en un descapotable con la mayor comodidad que solo la marca de la fábrica de Modena puede conseguir. Maserati completa con el nuevo GranCabrio Sport una gama de ensueño. Si ya parece de otro mundo el MC Stradale, este GranCabrio Sport no se queda muy atrás. A la potencia y fuerza descomunal del primero une el privilegio de disfrutarlo a cielo abierto, gracias a un techo de lona que se abre en poco más de 20 segundos. El motor es un salvaje V8 con 450 CV de potencia, diez más que el GranCabrio, y 510 Nm. El consumo de combustible, no solo no ha aumentado sino que ha bajado también respecto al cabrio ‘normal’ en un 6%, hasta llegar a una media de 14,5 litros a los 100 kilómetros.'),
(57, 'Maserati', 0, 0 ,'LJCPCBLCX1100236', 'Turismo', 2, 133051, 460, 'Gasolina', 'GranTurismo', 4, NULL, NULL, '/delux/Lib/img/coches/Maserati/GranTurismo/maserati-granturismo_mc_01', 11, 'El Maserati GranTurismo es un GT como los de antes, pero con cuatro plazas de verdad. Su motor V8 consigue realizar el 0 a 100 km/h en tan solo cinco segundos. Esta capacidad de aceleración unida a su gran dinamismo lo convierten en una bestia del asfalto. Con un reparto de pesos de 49/51% el equilibrio y nobleza del coche está garantizado. Claro que todo este despliegue de tecnología y precisión tiene un precio elevado que parte desde los 128.600 euros. Ahí es nada. Dentro de su gama mecánica puedes elegir entre dos motores, ambos con ocho cilindros en V. Primero está el Maserati GranTurismo normal, con 405 caballos. Y, si todavía quieres más, la versión S entrega 439 CV. La versión más deportiva de la marca, el Maserati GranTurismo MC Stradale es una bestia de circuitos... ¡y también sirve en la vida real! Sin duda, es un deportivo con el que soñar. Pero este GranTurismo es un coche hecho para correr; la máquina perfecta para los amantes de los ‘carreras-cliente’. Tiene unos incansables frenos cerámicos Brembo y la carrocería se ha rebajado 10 mm delante y 12 detrás con respecto al Maserati GranTurismo S. Además, cuenta con un autoblocante mecánico y se ha aligerado. En total ha perdido 110 kilos con respecto a ese modelo, con medidas como el empleo masivo de la fibra de carbono o el menor aislamiento acústico. '),
(58, 'Maserati', 0, 0 ,'LJCPCBLCX1100236', 'Turismo', 5, 84500, 430, 'Diésel', 'Levante', 4, NULL, NULL, '/delux/Lib/img/coches/Maserati/Levante/maserati-levante_2017_c01', 11, 'El futuro SUV de la firma del tridente se espera para el Salón de Ginebra de 2016. Su precio rondará los 82.000 dólares, empleará los motores del Maserati Quattroporte y, probablemente, la gama también contará con una variante híbrida. Desde que se supiera que el Maserati Levante iba a debutar en el Salón de Ginebra 2016 se han ido descubriendo nuevos detalles, algunos tan interesantes como su precio. Al parecer, el SUV de Maserati rondará los 82.000 dólares (75.000 euros aproximadamente) lo que le sitúa muy cerca del Range Rover Sport y del Porsche Cayenne. Cuando la marca de lujo italiana presentó sus planes de futuro en el Salón de Frankfurt 2011 ya anunció un considerable crecimiento en su gama de modelos: allí mismo se presentó el Maserati Kubang, un poderoso SUV con el que el Maserati Levante comparte rasgos, aunque cuenta con una parrilla más pronunciada, los faros delanteros pierden la forma de boomerang para presentar unos más planos y unas nuevas tomas de aire inferior. Un año más tarde, en el Salón de París 2012 se dio a conocer el prototipo del Maserati Levante, que compartirá los mismos propulsores 3.0 V6 de 350 CV y 3.8 V8 de 425 CV que emplea el Maserati Quattroporte, así como un V8 de 560 CV con el que se convertiría en uno de los crossover más potentes del mundo. Además, el nuevo Maserati Levante también ofrecerá tres mecánicas diésel con potencias que irán desde los 250 CV y 275 CV a los 340 CV. Contradiciendo las formas y el diseño que pueden verse en las fotos oficiales del Levante, Maserati patentó unas imágenes esquemáticas del futuro SUV. En ellas se puede apreciar claramente que las imágenes espía corresponden a un concepto demasiado primitivo del modelo, ya que en las patentes aparece con una carrocería más típica de este tipo de vehículos, con un portón trasero más convencional, un cuadro óptico trasero y cuatro salidas de escape. Gracias a estas patentes y a los renders de David Kiss pudimos apreciar que su forma se aleja un poco del diseño del Maserati Ghibli, como al principio parecía que acabaría sucediendo. El CEO de la compañía, Harald Wester, ha anunciado también que el Maserati Levante contará con una variante híbrida enchufable, aunque no se han dado más detalles al respecto.'),
(59, 'Maserati', 0, 0 ,'LJCPCBLCX1100236', 'Turismo', 4, 107518, 530, 'Diésel', 'Quattroporte', 4, NULL, NULL, '/delux/Lib/img/coches/Maserati/Quattroporte/maserati-quattroporte_2013_01', 11, 'Desde 1963, conciliar el carácter deportivo y la elegancia del buque insignia por excelencia de la firma italiana siempre ha constituido un desafío para los más prestigiosos diseñadores: Bertone, Giugiaro, Pininfarina… El nuevo Quattroporte sigue la estela de sus antecesores sin dejar de mantener un aspecto fluido y dinámico. Montarse en el Quattroporte equivale a entrar en un salón exclusivo. El cuero, las maderas y las costuras, envuelven a los pasajeros en una atmósfera lujosa. El Maserati Quattroporte fue presentado oficialmente en el Salón de Detroit 2013, lo que supuso el primer paso sobre el que la marca italiana quiere basar su renovación integral. Exteriormente, su estilo nace de los principios básicos del diseño de Maserati: la armonía en las formas, el dinamismo de las líneas y la típica elegancia italiana. Dominado por un frontal imponente y una parrilla cóncava en la que destaca el tridente, el nuevo Maserati Quattroporte es más grande, ligero y lujoso que el actual. Algunos de los elementos que siempre han caracterizado a la berlina italiana se han mantenido premeditadamente en la sexta generación del Quattroporte, como la parrilla delantera, las entradas laterales de aire o el pilar C triangular. Asimismo, se han introducido nuevos elementos, como un agresivo perfil que recorre completamente el lateral de la carrocería o las puertas sin marcos.
En el interior, el diseño del Maserati Quattroporte es fiel a su ADN, remarcando la sencillez de las líneas y la practicidad del habitáculo. Todo en combinación con la máxima calidad de materiales y de realización (muchos de los elementos se fabrican de manera artesanal). Destacar también que aumenta el espacio para los ocupantes, tanto en la configuración de cuatro como en la de cinco plazas. Tampoco han puesto cortapisas a la tecnología. Entre otros elementos, el afortunado conductor disfurtará del display Maserati Touch Control, los pedales regulables, la cámara de marcha atrás y el equipo de sonido Bowers & Wilkins de quince altavoces y el WiFi WLAN (compatible con los móviles más modernos). La joya italiana cuenta con dos nuevas mecánicas diseñadas por Maserati Powertrain y fabricados por Ferrari en Maranello. El primero de ellos, el motor 3.8 V8 Twin Turbo, convierte al Maserati Quattroporte en el cuatro puertas más rápido y más potente (tiene 530 CV). La otra opción, el V6 3.0 Twin Turbo, cuenta con 410 CV y alcanza una velocidad máxima de 285 km/h. Ambas opciones se combinan con un cambio automático de ocho velocidades y tracción integral o trasera. En cuanto al consumo y las emisiones, el Quattroporte los reduce un 20% con respecto a la versión que sustituye. Con respecto a la versión turbodiésel V6, el motor ha sido producido por VM Motori y desarrollado por Paolo Martinelli, exjefe de motores de la Scuderia Ferrari Formula 1; desarrolla 275 CV de potencia y ofrece un par máximo de 600 Nm, con lo que cubre los 0 a 100 km/h en 6,4 segundos. En cuanto al sonido del motor diésel, Maserati ha incorporado un sistema llamado Maserati Active Sound con el objetivo de reproducir, gracias a dos actuadores acústicos que van al lado de los tubo de escape, los sonidos más distintivos de los propulsores de gasolina en función del tipo de conducción que se realice, desde Normal a Sport.');


# COMPRAS

INSERT INTO `compras` (`id_compra`, `id_cliente`, `id_coche`, `fecha`, `coches_vendidos`) VALUES
(1, 1, 1, '2016-10-04', 1),
(2, 1, 2, '2016-11-13', 1),
(3, 1, 3, '2016-12-13', 1),
(4, 1, 4, '2016-10-13', 1),
(5, 1, 5, '2016-11-13', 1),
(6, 1, 21, '2016-12-13', 1),
(7, 1, 38, '2016-10-13', 1),
(8, 1, 43, '2016-11-13', 2),
(9, 1, 41, '2016-12-13', 1),
(10, 1, 42, '2016-10-13', 1),
(11, 1, 43, '2016-11-13', 1),
(12, 1, 44, '2016-12-13', 1),
(13, 1, 45, '2016-10-13', 1),
(14, 1, 46, '2016-11-13', 1),
(15, 1, 47, '2016-12-13', 1),
(16, 1, 48, '2016-10-13', 1),
(17, 1, 49, '2016-11-13', 1),
(18, 1, 50, '2016-12-13', 1),
(19, 1, 51, '2016-10-13', 1),
(20, 1, 52, '2016-11-13', 1),
(21, 1, 53, '2016-12-13', 1),
(22, 1, 54, '2016-10-13', 1),
(23, 1, 55, '2016-11-13', 1),
(24, 1, 56, '2016-12-13', 1),
(25, 1, 57, '2016-10-13', 1),
(26, 1, 58, '2016-11-13', 1),
(27, 1, 59, '2016-12-13', 1),
(28, 1, 6, '2016-10-13', 1),
(29, 1, 7, '2016-11-13', 1),
(30, 1, 8, '2016-12-13', 1),
(31, 1, 9, '2016-10-13', 1),

(32, 2, 1, '2016-10-04', 1),
(33, 2, 4, '2016-11-13', 1),
(34, 2, 5, '2016-12-13', 1),
(35, 2, 6, '2016-10-13', 1),
(36, 2, 9, '2016-11-13', 1),
(37, 2, 10, '2016-12-13', 1),
(38, 2, 12, '2016-10-13', 1),
(39, 2, 17, '2016-11-13', 2),
(40, 2, 20, '2016-12-13', 1),
(41, 2, 23, '2016-10-13', 1),
(42, 2, 25, '2016-11-13', 1),
(43, 2, 26, '2016-12-13', 1),
(44, 2, 28, '2016-10-13', 1),
(45, 2, 29, '2016-11-13', 1),
(46, 2, 33, '2016-12-13', 1),
(47, 2, 34, '2016-10-13', 1),
(48, 2, 35, '2016-11-13', 1),
(49, 2, 36, '2016-12-13', 1),
(50, 2, 39, '2016-10-13', 1),
(51, 2, 42, '2016-11-13', 1),
(52, 2, 43, '2016-12-13', 1),
(53, 2, 44, '2016-10-13', 1),
(54, 2, 45, '2016-11-13', 1),
(55, 2, 46, '2016-12-13', 1),
(56, 2, 47, '2016-10-13', 1),
(57, 2, 51, '2016-11-13', 1),
(58, 2, 52, '2016-12-13', 1),
(59, 2, 53, '2016-10-13', 1),
(60, 2, 57, '2016-11-13', 1),
(61, 2, 59, '2016-12-13', 1),
(62, 2, 23, '2016-10-13', 1),

(63, 3, 1, '2016-10-04', 1),
(64, 3, 2, '2016-11-13', 1),
(65, 3, 3, '2016-12-13', 1),
(66, 3, 4, '2016-10-13', 1),
(67, 3, 5, '2016-11-13', 1),
(68, 3, 21, '2016-12-13', 1),
(69, 3, 38, '2016-10-13', 1),
(70, 3, 44, '2016-11-13', 2),
(71, 3, 41, '2016-12-13', 1),
(72, 3, 42, '2016-10-13', 1),
(73, 3, 43, '2016-11-13', 1),
(74, 3, 44, '2016-12-13', 1),
(75, 3, 45, '2016-10-13', 1),
(76, 3, 46, '2016-11-13', 1),
(77, 3, 47, '2016-12-13', 1),
(78, 3, 48, '2016-10-13', 1),
(79, 3, 49, '2016-11-13', 1),
(80, 3, 50, '2016-12-13', 1),
(81, 3, 51, '2016-10-13', 1),
(82, 3, 52, '2016-11-13', 1),
(83, 3, 53, '2016-12-13', 1),
(84, 3, 54, '2016-10-13', 1),
(85, 3, 55, '2016-11-13', 1),
(86, 3, 56, '2016-12-13', 1),
(87, 3, 57, '2016-10-13', 1),
(88, 3, 58, '2016-11-13', 1),
(89, 3, 59, '2016-12-13', 1),
(90, 3, 6, '2016-10-13', 1),
(91, 3, 7, '2016-11-13', 1),
(92, 3, 8, '2016-12-13', 1),
(93, 3, 9, '2016-10-13', 1),

(94, 4, 3, '2016-10-04', 1),
(95, 4, 5, '2016-11-13', 1),
(96, 4, 6, '2016-12-13', 1),
(97, 4, 9, '2016-10-13', 1),
(98, 4, 10, '2016-11-13', 1),
(99, 4, 12, '2016-12-13', 1),
(100, 4, 13, '2016-10-13', 1),
(101, 4, 15, '2016-11-13', 2),
(102, 4, 17, '2016-12-13', 1),
(103, 4, 21, '2016-10-13', 1),
(104, 4, 24, '2016-11-13', 1),
(105, 4, 25, '2016-12-13', 1),
(106, 4, 28, '2016-10-13', 1),
(107, 4, 29, '2016-11-13', 1),
(108, 4, 31, '2016-12-13', 1),
(109, 4, 34, '2016-10-13', 1),
(110, 4, 36, '2016-11-13', 1),
(111, 4, 37, '2016-12-13', 1),
(112, 4, 38, '2016-10-13', 1),
(113, 4, 39, '2016-11-13', 1),
(114, 4, 43, '2016-12-13', 1),
(115, 4, 44, '2016-10-13', 1),
(116, 4, 45, '2016-11-13', 1),
(117, 4, 51, '2016-12-13', 1),
(118, 4, 52, '2016-10-13', 1),
(119, 4, 53, '2016-11-13', 1),
(120, 4, 55, '2016-12-13', 1),
(121, 4, 56, '2016-10-13', 1),
(122, 4, 58, '2016-11-13', 1),
(123, 4, 59, '2016-12-13', 1),
(124, 4, 50, '2016-10-13', 1),

(125, 5, 1, '2016-10-04', 1),
(126, 5, 2, '2016-11-13', 1),
(127, 5, 3, '2016-12-13', 1),
(128, 5, 5, '2016-10-13', 1),
(129, 5, 8, '2016-11-13', 1),
(130, 5, 9, '2016-12-13', 1),
(131, 5, 12, '2016-10-13', 1),
(132, 5, 13, '2016-11-13', 2),
(133, 5, 16, '2016-12-13', 1),
(134, 5, 22, '2016-10-13', 1),
(135, 5, 25, '2016-11-13', 1),
(136, 5, 28, '2016-12-13', 1),
(137, 5, 29, '2016-10-13', 1),
(138, 5, 30, '2016-11-13', 1),
(139, 5, 34, '2016-12-13', 1),
(140, 5, 35, '2016-10-13', 1),
(141, 5, 36, '2016-11-13', 1),
(142, 5, 37, '2016-12-13', 1),
(143, 5, 38, '2016-10-13', 1),
(144, 5, 39, '2016-11-13', 1),
(145, 5, 40, '2016-12-13', 1),
(146, 5, 42, '2016-10-13', 1),
(147, 5, 43, '2016-11-13', 1),
(148, 5, 45, '2016-12-13', 1),
(149, 5, 48, '2016-10-13', 1),
(150, 5, 49, '2016-11-13', 1),
(151, 5, 51, '2016-12-13', 1),
(152, 5, 52, '2016-10-13', 1),
(153, 5, 54, '2016-11-13', 1),
(154, 5, 58, '2016-12-13', 1),
(155, 5, 23, '2016-10-13', 1),

(156, 6, 1, '2016-10-04', 1),
(157, 6, 2, '2016-11-13', 1),
(158, 6, 3, '2016-12-13', 1),
(159, 6, 4, '2016-10-13', 1),
(160, 6, 6, '2016-11-13', 1),
(161, 6, 7, '2016-12-13', 1),
(162, 6, 8, '2016-10-13', 1),
(163, 6, 10, '2016-11-13', 2),
(164, 6, 12, '2016-12-13', 1),
(165, 6, 14, '2016-10-13', 1),
(166, 6, 16, '2016-11-13', 1),
(167, 6, 17, '2016-12-13', 1),
(168, 6, 18, '2016-10-13', 1),
(169, 6, 21, '2016-11-13', 1),
(170, 6, 22, '2016-12-13', 1),
(171, 6, 24, '2016-10-13', 1),
(172, 6, 25, '2016-11-13', 1),
(173, 6, 26, '2016-12-13', 1),
(174, 6, 27, '2016-10-13', 1),
(175, 6, 28, '2016-11-13', 1),
(176, 6, 29, '2016-12-13', 1),
(177, 6, 32, '2016-10-13', 1),
(178, 6, 35, '2016-11-13', 1),
(179, 6, 39, '2016-12-13', 1),
(180, 6, 43, '2016-10-13', 1),
(181, 6, 44, '2016-11-13', 1),
(182, 6, 46, '2016-12-13', 1),
(183, 6, 51, '2016-10-13', 1),
(184, 6, 56, '2016-11-13', 1),
(185, 6, 59, '2016-12-13', 1),
(186, 6, 9, '2016-10-13', 1);